SKU,Thickness,Dimension,Width in Inches,Length in Inches,Width in mm,Length in mm,Weight (kg),is_round
MRC-MR-0001,1mm,12.2 x 24.5 Inch,12.2,24.5,310,622,0.917,
MRC-MR-0002,1mm,17.2 x 29.5 Inch,17.2,29.5,437,749,1.088,
MRC-MR-0003,1mm,17.2 x 32.5 Inch,17.2,32.5,437,826,1.131,
MRC-MR-0004,1mm,18.3 x 18.3 Inch,18.3,18.3,465,465,0.947,
MRC-MR-0005,1mm,18.2 x 35.7 Inch,18.2,35.7,462,907,1.553,
MRC-MR-0006,1mm,18.2 x 36.7 Inch,18.2,36.7,462,932,1.568,
MRC-MR-0007,1mm,18.2 x 37.7 Inch,18.2,37.7,462,958,1.584,
MRC-MR-0008,1mm,18.2 x 42.7 Inch,18.2,42.7,462,1085,1.659,
MRC-MR-0009,1mm,19.2 x 66.8 Inch,19.2,66.8,488,1697,1.727,
MRC-MR-0010,1mm,21.2 x 34.7 Inch,21.2,34.7,538,881,1.624,
MRC-MR-0011,1mm,23 Inch Round Dia,23.0,23.0,584,584,,yes
MRC-MR-0012,1mm,23.7 x 35.7 Inch,23.7,35.7,602,907,1.715,
MRC-MR-0013,1mm,24 Inch Round Dia,24.0,24.0,610,610,,yes
MRC-MR-0014,1mm,24.2 x 36.7 Inch,24.2,36.7,615,932,1.75,
MRC-MR-0015,1mm,24.2 x 48.7 Inch,24.2,48.7,615,1237,1.641,
MRC-MR-0016,1mm,27.8 x 52.2 Inch,27.8,52.2,706,1326,1.863,
MRC-MR-0017,1mm,27.7 x 47.9Inch,27.7,47.9,704,1217,1.768,
MRC-MR-0018,1mm,28.5 x 28.5 Inch,28.5,28.5,724,724,1.683,
MRC-MR-0019,1mm,28.2 x 44.7 Inch,28.2,44.7,716,1135,1.708,
MRC-MR-0020,1mm,28.2 x 60.75 Inch,28.2,60.75,716,1543,2.084,
MRC-MR-0021,1mm,30.5 x 30.5 Inch,30.5,30.5,775,775,1.78,
MRC-MR-0022,1mm,30.2 x 36.7 Inch,30.2,36.7,767,932,1.581,
MRC-MR-0023,1mm,30.2 x 45.7 Inch,30.2,45.7,767,1161,1.807,
MRC-MR-0024,1mm,30.2 x 46.7 Inch,30.2,46.7,767,1186,2.832,
MRC-MR-0025,1mm,30.2 x 47.7 Inch,30.2,47.7,767,1212,1.858,
MRC-MR-0026,1mm,30.2 x 48.7 Inch,30.2,48.7,767,1237,2.883,
MRC-MR-0027,1mm,30.2 x 49.7 Inch,30.2,49.7,767,1262,1.908,
MRC-MR-0028,1mm,30.2 x 50.7 Inch,30.2,50.7,767,1288,1.933,
MRC-MR-0029,1mm,30.2 x 51.7 Inch,30.2,51.7,767,1313,1.958,
MRC-MR-0030,1mm,30.2 x 52.7 Inch,30.2,52.7,767,1339,1.983,
MRC-MR-0031,1mm,30.2 x 53.7 Inch,30.2,53.7,767,1364,2.009,
MRC-MR-0032,1mm,30.2 x 54.7 Inch,30.2,54.7,767,1389,2.034,
MRC-MR-0033,1mm,30.2 x 55.75 Inch,30.2,55.75,767,1416,2.059,
MRC-MR-0034,1mm,30.2 x 56.75 Inch,30.2,56.75,767,1441,2.084,
MRC-MR-0035,1mm,30.2 x 57.75 Inch,30.2,57.75,767,1467,2.109,
MRC-MR-0036,1mm,30.2 x 58.75 Inch,30.2,58.75,767,1492,2.134,
MRC-MR-0037,1mm,30.2 x 59.75 Inch,30.2,59.75,767,1518,2.16,
MRC-MR-0038,1mm,30.2 x 60.75 Inch,30.2,60.75,767,1543,2.185,
MRC-MR-0039,1mm,31 Inch Round Dia,31.0,31.0,787,787,,yes
MRC-MR-0040,1mm,31.2 x 45.7 Inch,31.2,45.7,792,1161,1.845,
MRC-MR-0041,1mm,31.2 x 46.7 Inch,31.2,46.7,792,1186,1.871,
MRC-MR-0042,1mm,31.2 x 47.7 Inch,31.2,47.7,792,1212,1.897,
MRC-MR-0043,1mm,31.2 x 48.7 Inch,31.2,48.7,792,1237,1.923,
MRC-MR-0044,1mm,31.2 x 49.7 Inch,31.2,49.7,792,1262,1.949,
MRC-MR-0045,1mm,31.2 x 50.75 Inch,31.2,50.75,792,1289,3.975,
MRC-MR-0046,1mm,31.2 x 51.75 Inch,31.2,51.75,792,1314,2.001,
MRC-MR-0047,1mm,31.2 x 52.75 Inch,31.2,52.75,792,1340,2.027,
MRC-MR-0048,1mm,31.2 x 53.75 Inch,31.2,53.75,792,1365,2.053,
MRC-MR-0049,1mm,31.2 x 54.75 Inch,31.2,54.75,792,1391,2.079,
MRC-MR-0050,1mm,31.2 x 55.75 Inch,31.2,55.75,792,1416,2.105,
MRC-MR-0051,1mm,31.2 x 56.75 Inch,31.2,56.75,792,1441,2.131,
MRC-MR-0052,1mm,31.2 x 57.75 Inch,31.2,57.75,792,1467,2.157,
MRC-MR-0053,1mm,31.2 x 58.75 Inch,31.2,58.75,792,1492,2.183,
MRC-MR-0054,1mm,31.2 x 59.75 Inch,31.2,59.75,792,1518,2.559,
MRC-MR-0055,1mm,31.2 x 60.75 Inch,31.2,60.75,792,1543,2.585,
MRC-MR-0056,1mm,31.7 x 55.75 Inch,31.7,55.75,805,1416,2.128,
MRC-MR-0057,1mm,32.2 x 45.7 Inch,32.2,45.7,818,1161,1.883,
MRC-MR-0058,1mm,32.2 x 46.7 Inch,32.2,46.7,818,1186,1.91,
MRC-MR-0059,1mm,32.2 x 47.7 Inch,32.2,47.7,818,1212,1.936,
MRC-MR-0060,1mm,32.2 x 48.7 Inch,32.2,48.7,818,1237,1.963,
MRC-MR-0061,1mm,32.2 x 49.7 Inch,32.2,49.7,818,1262,1.99,
MRC-MR-0062,1mm,32.2 x 50.7 Inch,32.2,50.7,818,1288,2.017,
MRC-MR-0063,1mm,32.2 x 51.75 Inch,32.2,51.75,818,1314,2.044,
MRC-MR-0064,1mm,32.2 x 52.75 Inch,32.2,52.75,818,1340,2.071,
MRC-MR-0065,1mm,32.2 x 53.75 Inch,32.2,53.75,818,1365,2.097,
MRC-MR-0066,1mm,32.2 x 54.75 Inch,32.2,54.75,818,1391,2.124,
MRC-MR-0067,1mm,32.2 x 55.75 Inch,32.2,55.75,818,1416,2.151,
MRC-MR-0068,1mm,32.2 x 56.75 Inch,32.2,56.75,818,1441,2.178,
MRC-MR-0069,1mm,32.2 x 57.75 Inch,32.2,57.75,818,1467,2.555,
MRC-MR-0070,1mm,32.2 x 58.75 Inch,32.2,58.75,818,1492,2.582,
MRC-MR-0071,1mm,32.2 x 59.75 Inch,32.2,59.75,818,1518,2.608,
MRC-MR-0072,1mm,32.2 x 60.75 Inch,32.2,60.75,818,1543,2.635,
MRC-MR-0073,1mm,33.2 x 45.7 Inch,33.2,45.7,843,1161,1.92,
MRC-MR-0074,1mm,33.2 x 46.7 Inch,33.2,46.7,843,1186,1.948,
MRC-MR-0075,1mm,33.2 x 47.7 Inch,33.2,47.7,843,1212,1.976,
MRC-MR-0076,1mm,33.2 x 48.7 Inch,33.2,48.7,843,1237,2.004,
MRC-MR-0077,1mm,33.2 x 49.7 Inch,33.2,49.7,843,1262,2.031,
MRC-MR-0078,1mm,33.2 x 50.7 Inch,33.2,50.7,843,1288,2.059,
MRC-MR-0079,1mm,33.2 x 51.75 Inch,33.2,51.75,843,1314,2.087,
MRC-MR-0080,1mm,33.2 x 52.75 Inch,33.2,52.75,843,1340,2.114,
MRC-MR-0081,1mm,33.2 x 53.75 Inch,33.2,53.75,843,1365,2.142,
MRC-MR-0082,1mm,33.2 x 54.75 Inch,33.2,54.75,843,1391,2.17,
MRC-MR-0083,1mm,33.5 x 55.75 Inch,33.5,55.75,851,1416,2.197,
MRC-MR-0084,1mm,33.2 x 56.75 Inch,33.2,56.75,843,1441,2.575,
MRC-MR-0085,1mm,33.2 x 57.75 Inch,33.2,57.75,843,1467,2.603,
MRC-MR-0086,1mm,33.2 x 58.75 Inch,33.2,58.75,843,1492,2.63,
MRC-MR-0087,1mm,33.2 x 59.75 Inch,33.2,59.75,843,1518,2.658,
MRC-MR-0088,1mm,33.2 x 60.75 Inch,33.2,60.75,843,1543,2.686,
MRC-MR-0091,1mm,34.2 x 45.7 Inch,34.2,45.7,869,1161,1.958,
MRC-MR-0092,1mm,34.2 x 46.7 Inch,34.2,46.7,869,1186,1.987,
MRC-MR-0093,1mm,34.2 x 47.7 Inch,34.2,47.7,869,1212,2.015,
MRC-MR-0094,1mm,34.2 x 48.7 Inch,34.2,48.7,869,1237,2.044,
MRC-MR-0095,1mm,34.2 x 49.7 Inch,34.2,49.7,869,1262,2.072,
MRC-MR-0096,1mm,34.2 x 50.7 Inch,34.2,50.7,869,1288,2.101,
MRC-MR-0097,1mm,34.2 x 51.75 Inch,34.2,51.75,869,1314,2.129,
MRC-MR-0098,1mm,34.2 x 52.75 Inch,34.2,52.75,869,1340,2.158,
MRC-MR-0099,1mm,34.2 x 53.75 Inch,34.2,53.75,869,1365,2.686,
MRC-MR-0100,1mm,34.2 x 54.57 Inch,34.2,54.57,869,1386,2.565,
MRC-MR-0101,1mm,34.2 x 55.75 Inch,34.2,55.75,869,1416,2.593,
MRC-MR-0102,1mm,34.2 x 56.75 Inch,34.2,56.75,869,1441,2.622,
MRC-MR-0103,1mm,34.2 x 57.75 Inch,34.2,57.75,869,1467,2.65,
MRC-MR-0104,1mm,34.2 x 58.75 Inch,34.2,58.75,869,1492,2.679,
MRC-MR-0105,1mm,34.2 x 59.75 Inch,34.2,59.75,869,1518,2.707,
MRC-MR-0106,1mm,34.2 x 60.75 Inch,34.2,60.75,869,1543,3.736,
MRC-MR-0107,1mm,35 Inch Round Dia,35.0,35.0,889,889,,yes
MRC-MR-0108,1mm,35.5 x 35.5 Inch,35.5,35.5,902,902,2.702,
MRC-MR-0109,1mm,35.2 x 45.7 Inch,35.2,45.7,894,1161,1.996,
MRC-MR-0110,1mm,35.2 x 46.7 Inch,35.2,46.7,894,1186,2.025,
MRC-MR-0111,1mm,35.2 x 47.7 Inch,35.2,47.7,894,1212,2.055,
MRC-MR-0112,1mm,35.2 x 48.7 Inch,35.2,48.7,894,1237,2.084,
MRC-MR-0113,1mm,35.2 x 49.7 Inch,35.2,49.7,894,1262,2.113,
MRC-MR-0114,1mm,35.2 x 50.7 Inch,35.2,50.7,894,1288,2.143,
MRC-MR-0115,1mm,35.2 x 51.75 Inch,35.2,51.75,894,1314,2.172,
MRC-MR-0116,1mm,35.2 x 52.75 Inch,35.2,52.75,894,1340,2.551,
MRC-MR-0117,1mm,35.2 x 53.75 Inch,35.2,53.75,894,1365,2.581,
MRC-MR-0118,1mm,35.2 x 54.75 Inch,35.2,54.75,894,1391,2.61,
MRC-MR-0119,1mm,35.2 x 55.75 Inch,35.2,55.75,894,1416,2.64,
MRC-MR-0120,1mm,35.2 x 56.7 Inch,35.2,56.7,894,1440,2.669,
MRC-MR-0121,1mm,35.2 x 57.75 Inch,35.2,57.75,894,1467,2.698,
MRC-MR-0122,1mm,35.2 x 58.75 Inch,35.2,58.75,894,1492,2.728,
MRC-MR-0123,1mm,35.2 x 59.75 Inch,35.2,59.75,894,1518,3.757,
MRC-MR-0124,1mm,35.2 x 60.75 Inch,35.2,60.75,894,1543,3.786,
MRC-MR-0125,1mm,35.2 x 68.8 Inch,35.2,68.8,894,1748,2.671,
MRC-MR-0127,1mm,36.2 x 45.7 Inch,36.2,45.7,919,1161,2.034,
MRC-MR-0128,1mm,36.2 x 46.7 Inch,36.2,46.7,919,1186,2.064,
MRC-MR-0129,1mm,36.2 x 47.7 Inch,36.2,47.7,919,1212,2.094,
MRC-MR-0130,1mm,36.2 x 48.7Inch,36.2,48.7,919,1237,2.724,
MRC-MR-0131,1mm,36.2 x 49.7 Inch,36.2,49.7,919,1262,2.154,
MRC-MR-0132,1mm,36.2 x 50.7 Inch,36.2,50.7,919,1288,2.185,
MRC-MR-0133,1mm,36.2 x 51.75 Inch,36.2,51.75,919,1314,2.565,
MRC-MR-0134,1mm,36.2 x 52.75 Inch,36.2,52.75,919,1340,2.595,
MRC-MR-0135,1mm,36.2 x 53.75 Inch,36.2,53.75,919,1365,2.625,
MRC-MR-0136,1mm,36.2 x 54.75 Inch,36.2,54.75,919,1391,2.655,
MRC-MR-0137,1mm,36.2 x 55.75 Inch,36.2,55.75,919,1416,2.686,
MRC-MR-0138,1mm,36.2 x 56.75 Inch,36.2,56.75,919,1441,2.716,
MRC-MR-0139,1mm,36.2 x 57.75 Inch,36.2,57.75,919,1467,2.746,
MRC-MR-0140,1mm,36.2 x 58.75 Inch,36.2,58.75,919,1492,2.776,
MRC-MR-0141,1mm,36.2 x 59.75 Inch,36.2,59.75,919,1518,3.806,
MRC-MR-0142,1mm,36.2 x 60.75 Inch,36.2,60.75,919,1543,2.837,
MRC-MR-0143,1mm,36.2 x 66.8 Inch,36.2,66.8,919,1697,2.868,
MRC-MR-0144,1mm,36.2 x 85.2 Inch,36.2,85.2,919,2164,3.561,
MRC-MR-0145,1mm,37.2 x 45.7 Inch,37.2,45.7,945,1161,2.071,
MRC-MR-0146,1mm,37.2 x 46.7 Inch,37.2,46.7,945,1186,2.102,
MRC-MR-0147,1mm,37.2 x 47.7 Inch,37.2,47.7,945,1212,2.134,
MRC-MR-0148,1mm,37.2 x 48.7 Inch,37.2,48.7,945,1237,2.165,
MRC-MR-0149,1mm,37.2 x 49.7 Inch,37.2,49.7,945,1262,2.196,
MRC-MR-0150,1mm,37.2 x 50.7 Inch,37.2,50.7,945,1288,2.577,
MRC-MR-0151,1mm,37.2 x 51.75 Inch,37.2,51.75,945,1314,2.608,
MRC-MR-0152,1mm,37.2 x 52.75 Inch,37.2,52.75,945,1340,2.639,
MRC-MR-0153,1mm,37.2 x 53.75 Inch,37.2,53.75,945,1365,2.67,
MRC-MR-0154,1mm,37.2 x 54.75 Inch,37.2,54.75,945,1391,2.701,
MRC-MR-0155,1mm,37.2 x 55.75 Inch,37.2,55.75,945,1416,2.732,
MRC-MR-0156,1mm,37.2 x 56.75 Inch,37.2,56.75,945,1441,2.763,
MRC-MR-0157,1mm,37.2 x 57.75 Inch,37.2,57.75,945,1467,2.794,
MRC-MR-0158,1mm,37.2 x 58.75 Inch,37.2,58.75,945,1492,2.825,
MRC-MR-0159,1mm,37.2 x 59.75 Inch,37.2,59.75,945,1518,2.506,
MRC-MR-0160,1mm,37.2 x 60.75 Inch,37.2,60.75,945,1543,2.537,
MRC-MR-0161,1mm,38.2 x 45.7 Inch,38.2,45.7,970,1161,2.109,
MRC-MR-0162,1mm,38.2 x 46.7 Inch,38.2,46.7,970,1186,2.141,
MRC-MR-0163,1mm,38.2 x 47.7 Inch,38.2,47.7,970,1212,2.173,
MRC-MR-0164,1mm,38.2 x 48.7 Inch,38.2,48.7,970,1237,2.555,
MRC-MR-0165,1mm,38.2 x 49.7 Inch,38.2,49.7,970,1262,2.587,
MRC-MR-0166,1mm,38.2 x 50.7 Inch,38.2,50.7,970,1288,2.619,
MRC-MR-0167,1mm,38.2 x 51.75 Inch,38.2,51.75,970,1314,2.65,
MRC-MR-0168,1mm,38.2 x 52.75 Inch,38.2,52.75,970,1340,2.682,
MRC-MR-0169,1mm,38.2x 53.75 Inch,38.2,53.75,970,1365,2.714,
MRC-MR-0170,1mm,38.2 x 54.75 Inch,38.2,54.75,970,1391,2.746,
MRC-MR-0171,1mm,38.2 x 55.75 Inch,38.2,55.75,970,1416,2.778,
MRC-MR-0172,1mm,38.2 x 56.75 Inch,38.2,56.75,970,1441,2.81,
MRC-MR-0173,1mm,38.2 x 57.75 Inch,38.2,57.75,970,1467,2.842,
MRC-MR-0174,1mm,38.2 x 58.75 Inch,38.2,58.75,970,1492,2.524,
MRC-MR-0175,1mm,38.2 x 59.75 Inch,38.2,59.75,970,1518,2.555,
MRC-MR-0176,1mm,38.2 x 60.75 Inch,38.2,60.75,970,1543,2.587,
MRC-MR-0177,1mm,38.2 x 63.75 Inch,38.2,63.75,970,1619,2.683,
MRC-MR-0178,1mm,39.2 x 45.7 Inch,39.2,45.7,996,1161,2.147,
MRC-MR-0179,1mm,39.2 x 46.7 Inch,39.2,46.7,996,1186,2.18,
MRC-MR-0180,1mm,39.2 x 47.7 Inch,39.2,47.7,996,1212,2.562,
MRC-MR-0181,1mm,39.2 x 48.7 Inch,39.2,48.7,996,1237,2.595,
MRC-MR-0182,1mm,39.2 x 49.7 Inch,39.2,49.7,996,1262,2.628,
MRC-MR-0183,1mm,39.2 x 50.7 Inch,39.2,50.7,996,1288,2.66,
MRC-MR-0184,1mm,39.2 x 51.75 Inch,39.2,51.75,996,1314,2.693,
MRC-MR-0185,1mm,39.2 x 52.75 Inch,39.2,52.75,996,1340,2.726,
MRC-MR-0186,1mm,39.2 x 53.75 Inch,39.2,53.75,996,1365,2.759,
MRC-MR-0187,1mm,39.2 x 54.75 Inch,39.2,54.75,996,1391,2.791,
MRC-MR-0188,1mm,39.2 x 55.75 Inch,39.2,55.75,996,1416,2.824,
MRC-MR-0189,1mm,39.2 x 56.75 Inch,39.2,56.75,996,1441,2.507,
MRC-MR-0190,1mm,39.2 x 57.75 Inch,39.2,57.75,996,1467,2.539,
MRC-MR-0191,1mm,39.2 x 58.75 Inch,39.2,58.75,996,1492,2.572,
MRC-MR-0192,1mm,39.2 x 59.75 Inch,39.2,59.75,996,1518,2.605,
MRC-MR-0193,1mm,39.2 x 60.75 Inch,39.2,60.75,996,1543,2.638,
MRC-MR-0194,1mm,40.5 x 40.5 Inch,40.5,40.5,1029,1029,3.717,
MRC-MR-0195,1mm,40.2 x 45.7 Inch,40.2,45.7,1021,1161,2.185,
MRC-MR-0196,1mm,40.2 x 46.7 Inch,40.2,46.7,1021,1186,2.568,
MRC-MR-0197,1mm,40.2 x 47.7 Inch,40.2,47.7,1021,1212,2.602,
MRC-MR-0198,1mm,40.2 x 48.7 Inch,40.2,48.7,1021,1237,2.635,
MRC-MR-0199,1mm,40.2 x 49.7 Inch,40.2,49.7,1021,1262,2.669,
MRC-MR-0200,1mm,40.2 x 50.7 Inch,40.2,50.7,1021,1288,2.702,
MRC-MR-0201,1mm,40.2 x 51.75 Inch,40.2,51.75,1021,1314,2.736,
MRC-MR-0202,1mm,40.2 x 52.75 Inch,40.2,52.75,1021,1340,2.77,
MRC-MR-0203,1mm,40.2 x 53.75 Inch,40.2,53.75,1021,1365,2.803,
MRC-MR-0204,1mm,40.2 x 54.75 Inch,40.2,54.75,1021,1391,2.837,
MRC-MR-0205,1mm,40.2 x 55.75 Inch,40.2,55.75,1021,1416,2.52,
MRC-MR-0206,1mm,40.2 x 56.75 Inch,40.2,56.75,1021,1441,2.554,
MRC-MR-0207,1mm,40.2 x 57.75 Inch,40.2,57.75,1021,1467,2.587,
MRC-MR-0208,1mm,40.2 x 58.75 Inch,40.2,58.75,1021,1492,2.621,
MRC-MR-0209,1mm,40.2 x 59.75 Inch,40.2,59.75,1021,1518,2.654,
MRC-MR-0210,1mm,40.2 x 60.75 Inch,40.2,60.75,1021,1543,2.688,
MRC-MR-0211,1mm,40.2 x 65.8 Inch,40.2,65.8,1021,1671,2.856,
MRC-MR-0212,1mm,41.2 x 45.7 Inch,41.2,45.7,1046,1161,2.572,
MRC-MR-0213,1mm,41.2 x 46.7 Inch,41.2,46.7,1046,1186,2.607,
MRC-MR-0214,1mm,41.2 x 47.7 Inch,41.2,47.7,1046,1212,2.641,
MRC-MR-0215,1mm,41.2 x 48.7 Inch,41.2,48.7,1046,1237,2.676,
MRC-MR-0216,1mm,41.2 x 49.7 Inch,41.2,49.7,1046,1262,2.71,
MRC-MR-0217,1mm,41.2 x 50.7 Inch,41.2,50.7,1046,1288,2.744,
MRC-MR-0218,1mm,41.2 x 51.75 Inch,41.2,51.75,1046,1314,2.779,
MRC-MR-0219,1mm,41.2 x 52.75 Inch,41.2,52.75,1046,1340,2.813,
MRC-MR-0220,1mm,41.2 x 53.75 Inch,41.2,53.75,1046,1365,2.848,
MRC-MR-0221,1mm,41.2 x 54.75 Inch,41.2,54.75,1046,1391,2.532,
MRC-MR-0222,1mm,41.2 x 55.75 Inch,41.2,55.75,1046,1416,2.566,
MRC-MR-0223,1mm,41.2 x 56.75 Inch,41.2,56.75,1046,1441,2.601,
MRC-MR-0224,1mm,41.2 x 57.75 Inch,41.2,57.75,1046,1467,2.635,
MRC-MR-0225,1mm,41.2 x 58.75 Inch,41.2,58.75,1046,1492,2.669,
MRC-MR-0226,1mm,41.2 x 59.75 Inch,41.2,59.75,1046,1518,2.704,
MRC-MR-0227,1mm,41.2 x 60.75 Inch,41.2,60.75,1046,1543,2.738,
MRC-MR-0228,1mm,41.2 x 65.8 Inch,41.2,65.8,1046,1671,2.91,
MRC-MR-0229,1mm,42 Inch Round Dia,42.0,42.0,1067,1067,,yes
MRC-MR-0230,1mm,42.2 x 45.7 Inch,42.2,45.7,1072,1161,2.61,
MRC-MR-0231,1mm,42.2 x 46.7 Inch,42.2,46.7,1072,1186,2.645,
MRC-MR-0232,1mm,42.2 x 47.7 Inch,42.2,47.7,1072,1212,2.681,
MRC-MR-0233,1mm,42.2 x 48.7 Inch,42.2,48.7,1072,1237,2.716,
MRC-MR-0234,1mm,42.2 x 49.7 Inch,42.2,49.7,1072,1262,2.751,
MRC-MR-0235,1mm,42.2 x 50.7 Inch,42.2,50.7,1072,1288,2.786,
MRC-MR-0236,1mm,42.2 x 51.75 Inch,42.2,51.75,1072,1314,2.822,
MRC-MR-0237,1mm,42.2 x 52.75 Inch,42.2,52.75,1072,1340,2.507,
MRC-MR-0238,1mm,42.2 x 53.75 Inch,42.2,53.75,1072,1365,2.542,
MRC-MR-0239,1mm,42.2 x 54.75 Inch,42.2,54.75,1072,1391,2.577,
MRC-MR-0240,1mm,42.2x 55.75 Inch,42.2,55.75,1072,1416,2.612,
MRC-MR-0241,1mm,42.2 x 56.75 Inch,42.2,56.75,1072,1441,2.648,
MRC-MR-0242,1mm,42.2 x 57.75 Inch,42.2,57.75,1072,1467,2.683,
MRC-MR-0243,1mm,42.2 x 58.75 Inch,42.2,58.75,1072,1492,2.718,
MRC-MR-0244,1mm,42.2 x 59.75 Inch,42.2,59.75,1072,1518,2.753,
MRC-MR-0245,1mm,42.2 x 60.75 Inch,42.2,60.75,1072,1543,2.789,
MRC-MR-0246,1mm,42.2 x 73 Inch,42.2,73.0,1072,1854,3.561,
MRC-MR-0247,1mm,45.5 x 45.5 Inch,45.5,45.5,1156,1156,2.723,
MRC-MR-0248,1mm,45.2 x 65.8 Inch,45.2,65.8,1148,1671,3.128,
MRC-MR-0249,1mm,46.2 x 57.75 Inch,46.2,57.75,1173,1467,2.874,
MRC-MR-0250,1mm,46.2 x 64.75 Inch,46.2,64.75,1173,1645,3.144,
MRC-MR-0251,1mm,46.2 x 68.8 Inch,46.2,68.8,1173,1748,3.648,
MRC-MR-0252,1mm,47 Inch Round Dia,47.0,47.0,1194,1194,,yes
MRC-MR-0253,1mm,48 Inch Round Dia,48.0,48.0,1219,1219,,yes
MRC-MR-0254,1mm,48.2 x 85.2 Inch,48.2,85.2,1224,2164,4.057,
MRC-MR-0255,1mm,48.2 x 97.2 Inch,48.2,97.2,1224,2469,4.54,
MRC-MR-0256,1mm,50.2 x 58.75 Inch,50.2,58.75,1275,1492,3.107,
MRC-MR-0257,1mm,58.2 x 108 Inch,58.2,108.0,1478,2743,5.831,
MRC-MR-0258,1mm,41.7 x 78.5 Inch,41.7,78.5,1059,1994,3.722,
MRC-MR-0259,1.5mm,12.2 x 24.5 Inch,12.2,24.5,310,622,1.037,
MRC-MR-0260,1.5mm,17.2 x 29.5 Inch,17.2,29.5,437,749,1.645,
MRC-MR-0261,1.5mm,17.2 x  32.5 Inch,17.2,32.5,437,826,1.709,
MRC-MR-0262,1.5mm,18.5 x 18.5 Inch,18.5,18.5,470,470,1.083,
MRC-MR-0263,1.5mm,18.2 x 35.5 Inch,18.2,35.5,462,902,1.818,
MRC-MR-0264,1.5mm,18.2 x 36.5 Inch,18.2,36.5,462,927,1.84,
MRC-MR-0265,1.5mm,18.2 x 37.5 Inch,18.2,37.5,462,952,1.513,
MRC-MR-0266,1.5mm,18.2 x 42.7 Inch,18.2,42.7,462,1085,1.626,
MRC-MR-0267,1.5mm,19.2 x 66.8 Inch,19.2,66.8,488,1697,2.603,
MRC-MR-0268,1.5mm,21.2 x 34.5 Inch,21.2,34.5,538,876,3.573,
MRC-MR-0269,1.5mm,23 Inch Round Dia,23.0,23.0,584,584,,yes
MRC-MR-0270,1.5mm,23.4 x 35.6 Inch,23.4,35.6,594,904,,
MRC-MR-0271,1.5mm,24 Inch Round Dia,24.0,24.0,610,610,,yes
MRC-MR-0272,1.5mm,24.2 x 36.7 Inch,24.2,36.7,615,932,1.762,
MRC-MR-0273,1.5mm,24.2 x 48.7 Inch,24.2,48.7,615,1237,3.124,
MRC-MR-0274,1.5mm,27.4 x 52.2 Inch,27.4,52.2,696,1326,2.807,
MRC-MR-0275,1.5mm,27.5 x 48.5 Inch,27.5,48.5,698,1232,2.664,
MRC-MR-0276,1.5mm,28.5 x 28.5 Inch,28.5,28.5,724,724,1.661,
MRC-MR-0277,1.5mm,28.2 x 44.7 Inch,28.2,44.7,716,1135,2.575,
MRC-MR-0278,1.5mm,28.2 x 60.75 Inch,28.2,60.75,716,1543,2.789,
MRC-MR-0279,1.5mm,30.5 x 30.5 Inch,30.5,30.5,775,775,1.807,
MRC-MR-0280,1.5mm,30.2 x 36.7 Inch,30.2,36.7,767,932,2.034,
MRC-MR-0281,1.5mm,30.2 x 45.7 Inch,30.2,45.7,767,1161,2.723,
MRC-MR-0282,1.5mm,30.2 x 46.7 Inch,30.2,46.7,767,1186,2.761,
MRC-MR-0283,1.5mm,30.2 x 47.7 Inch,30.2,47.7,767,1212,2.799,
MRC-MR-0284,1.5mm,30.2 x 48.7 Inch,30.2,48.7,767,1237,2.837,
MRC-MR-0285,1.5mm,30.2 x 49.7 Inch,30.2,49.7,767,1262,2.524,
MRC-MR-0286,1.5mm,30.2 x 50.7 Inch,30.2,50.7,767,1288,2.562,
MRC-MR-0287,1.5mm,30.2 x 51.75 Inch,30.2,51.75,767,1314,2.6,
MRC-MR-0288,1.5mm,30.2 x 52.75 Inch,30.2,52.75,767,1340,2.638,
MRC-MR-0289,1.5mm,30.2 x 53.75 Inch,30.2,53.75,767,1365,2.675,
MRC-MR-0290,1.5mm,30.2 x 54.75 Inch,30.2,54.75,767,1391,2.713,
MRC-MR-0291,1.5mm,30.2 x 55.75 Inch,30.2,55.75,767,1416,2.751,
MRC-MR-0292,1.5mm,30.2 x 56.75 Inch,30.2,56.75,767,1441,2.789,
MRC-MR-0293,1.5mm,30.2 x 57.75 Inch,30.2,57.75,767,1467,2.826,
MRC-MR-0294,1.5mm,30.2 x 58.75 Inch,30.2,58.75,767,1492,2.864,
MRC-MR-0295,1.5m,30.2 x 59.75 Inch,30.2,59.75,767,1518,,
MRC-MR-0296,1.5mm,30.2 x 60.75 Inch,30.2,60.75,767,1543,2.94,
MRC-MR-0297,1.5mm,31 Inch Round Dia,31.0,31.0,787,787,,yes
MRC-MR-0298,1.5mm,31.2 x 45.7 Inch,31.2,45.7,792,1161,2.78,
MRC-MR-0299,1.5mm,31.2 x 46.7 Inch,31.2,46.7,792,1186,2.819,
MRC-MR-0300,1.5mm,31.2 x 47.7 Inch,31.2,47.7,792,1212,2.508,
MRC-MR-0301,1.5mm,31.2 x 48.7 Inch,31.2,48.7,792,1237,2.547,
MRC-MR-0302,1.5mm,31.2 x 49.7 Inch,31.2,49.7,792,1262,2.586,
MRC-MR-0303,1.5mm,31.2 x 50.7 Inch,31.2,50.7,792,1288,2.625,
MRC-MR-0304,1.5mm,31.2 x 51.75 Inch,31.2,51.75,792,1314,3.664,
MRC-MR-0305,1.5mm,31.2 x 52.75 Inch,31.2,52.75,792,1340,2.703,
MRC-MR-0306,1.5mm,31.2 x 53.75 Inch,31.2,53.75,792,1365,2.742,
MRC-MR-0307,1.5mm,31.2 x 54.75 Inch,31.2,54.75,792,1391,2.781,
MRC-MR-0308,1.5mm,31.2 x 55.75 Inch,31.2,55.75,792,1416,2.82,
MRC-MR-0309,1.5mm,31.2 x 56.75 Inch,31.2,56.75,792,1441,2.859,
MRC-MR-0310,1.5mm,31.2 x 57.75 Inch,31.2,57.75,792,1467,2.898,
MRC-MR-0311,1.5mm,31.2 x 58.75 Inch,31.2,58.75,792,1492,2.937,
MRC-MR-0312,1.5mm,31.2 x 59.75 Inch,31.2,59.75,792,1518,2.976,
MRC-MR-0313,1.5mm,31.2 x 60.75 Inch,31.2,60.75,792,1543,3.015,
MRC-MR-0315,1.5mm,32.2 x 45.7 Inch,32.2,45.7,818,1161,2.837,
MRC-MR-0316,1.5mm,32.2 x 46.7 Inch,32.2,46.7,818,1186,2.527,
MRC-MR-0317,1.5mm,32.2 x 47.7 Inch,32.2,47.7,818,1212,2.567,
MRC-MR-0318,1.5mm,32.2 x 48.7 Inch,32.2,48.7,818,1237,2.607,
MRC-MR-0319,1.5mm,32.2 x 49.7 Inch,32.2,49.7,818,1262,2.648,
MRC-MR-0320,1.5mm,32.2 x 50.7 Inch,32.2,50.7,818,1288,2.688,
MRC-MR-0321,1.5mm,32.2 x 51.75 Inch,32.2,51.75,818,1314,2.728,
MRC-MR-0322,1.5mm,32.2 x 52.75 Inch,32.2,52.75,818,1340,2.768,
MRC-MR-0323,1.5mm,32.2 x 53.75 Inch,32.2,53.75,818,1365,2.809,
MRC-MR-0324,1.5mm,32.2 x 54.75 Inch,32.2,54.75,818,1391,2.849,
MRC-MR-0325,1.5mm,32.2 x 55.75 Inch,32.2,55.75,818,1416,2.889,
MRC-MR-0326,1.5mm,32.2 x 56.75 Inch,32.2,56.75,818,1441,2.929,
MRC-MR-0327,1.5mm,32.2 x 57.75 Inch,32.2,57.75,818,1467,2.97,
MRC-MR-0328,1.5mm,32.2 x 58.75 Inch,32.2,58.75,818,1492,3.01,
MRC-MR-0329,1.5mm,32.2 x 59.75 Inch,32.2,59.75,818,1518,3.05,
MRC-MR-0330,1.5mm,32.2 x 60.75 Inch,32.2,60.75,818,1543,3.09,
MRC-MR-0331,1.5mm,33.2 x 45.7 Inch,33.2,45.7,843,1161,2.543,
MRC-MR-0332,1.5mm,33.2 x 46.7 Inch,33.2,46.7,843,1186,2.585,
MRC-MR-0333,1.5mm,33.2 x 47.7 Inch,33.2,47.7,843,1212,2.626,
MRC-MR-0334,1.5mm,33.2 x 48.7 Inch,33.2,48.7,843,1237,2.668,
MRC-MR-0335,1.5mm,33.2 x 49.7 Inch,33.2,49.7,843,1262,2.709,
MRC-MR-0336,1.5mm,33.2 x 50.7 Inch,33.2,50.7,843,1288,2.751,
MRC-MR-0337,1.5mm,33.2 x 51.75 Inch,33.2,51.75,843,1314,2.792,
MRC-MR-0338,1.5mm,33.2 x 52.75 Inch,33.2,52.75,843,1340,2.834,
MRC-MR-0339,1.5mm,33.2 x 53.75 Inch,33.2,53.75,843,1365,2.875,
MRC-MR-0340,1.5mm,33.2 x 54.75 Inch,33.2,54.75,843,1391,2.917,
MRC-MR-0341,1.5mm,33.2 x 55.75 Inch,33.2,55.75,843,1416,2.958,
MRC-MR-0342,1.5mm,33.2 x 56.75 Inch,33.2,56.75,843,1441,3.0,
MRC-MR-0343,1.5mm,33.2 x 57.75 Inch,33.2,57.75,843,1467,3.041,
MRC-MR-0344,1.5mm,33.2 x 58.75 Inch,33.2,58.75,843,1492,3.083,
MRC-MR-0345,1.5mm,33.2 x 59.75 Inch,33.2,59.75,843,1518,3.124,
MRC-MR-0346,1.5mm,33.2 x 60.75 Inch,33.2,60.75,843,1543,3.166,
MRC-MR-0348,1.5mm,34 Inch Round Dia,34.0,34.0,864,864,,yes
MRC-MR-0349,1.5mm,34.2 x 45.7 Inch,34.2,45.7,869,1161,2.6,
MRC-MR-0350,1.5mm,34.2 x 46.7 Inch,34.2,46.7,869,1186,2.643,
MRC-MR-0351,1.5mm,34.2 x 47.7 Inch,34.2,47.7,869,1212,2.685,
MRC-MR-0352,1.5mm,34.2 x 48.7 Inch,34.2,48.7,869,1237,2.728,
MRC-MR-0353,1.5mm,34.2 x 49.7 Inch,34.2,49.7,869,1262,2.771,
MRC-MR-0354,1.5mm,34.2 x 50.7 Inch,34.2,50.7,869,1288,2.814,
MRC-MR-0355,1.5mm,34.2 x 51.75 Inch,34.2,51.75,869,1314,2.856,
MRC-MR-0356,1.5mm,34.2 x 52.75 Inch,34.2,52.75,869,1340,2.899,
MRC-MR-0357,1.5mm,34.2 x 53.75 Inch,34.2,53.75,869,1365,2.942,
MRC-MR-0358,1.5mm,34.2 x 54.75 Inch,34.2,54.75,869,1391,2.985,
MRC-MR-0359,1.5mm,34.2 x 55.75 Inch,34.2,55.75,869,1416,3.028,
MRC-MR-0360,1.5mm,34.2 x 56.75 Inch,34.2,56.75,869,1441,3.07,
MRC-MR-0361,1.5mm,34.2 x 57.75 Inch,34.2,57.75,869,1467,3.113,
MRC-MR-0362,1.5mm,34.2 x 58.75 Inch,34.2,58.75,869,1492,3.156,
MRC-MR-0363,1.5mm,34.2 x 59.75 Inch,34.2,59.75,869,1518,3.199,
MRC-MR-0364,1.5mm,34.2 x 60.75 Inch,34.2,60.75,869,1543,3.591,
MRC-MR-0365,1.5mm,35 Inch Round Dia,35.0,35.0,889,889,,yes
MRC-MR-0366,1.5mm,35.5 x 35.5 Inch,35.5,35.5,902,902,2.566,
MRC-MR-0367,1.5mm,35.2 x 45.7 Inch,35.2,45.7,894,1161,2.656,
MRC-MR-0368,1.5mm,35.2 x 46.7 Inch,35.2,46.7,894,1186,2.7,
MRC-MR-0369,1.5mm,35.2 x 47.7 Inch,35.2,47.7,894,1212,2.745,
MRC-MR-0370,1.5mm,35.2 x 48.7 Inch,35.2,48.7,894,1237,2.789,
MRC-MR-0371,1.5mm,35.2 x 49.7 Inch,35.2,49.7,894,1262,2.833,
MRC-MR-0372,1.5mm,35.2 x 50.7 Inch,35.2,50.7,894,1288,2.877,
MRC-MR-0373,1.5mm,35.2 x 51.75 Inch,35.2,51.75,894,1314,2.921,
MRC-MR-0374,1.5mm,35.2 x 52.75 Inch,35.2,52.75,894,1340,2.965,
MRC-MR-0375,1.5mm,35.2 x 53.75 Inch,35.2,53.75,894,1365,3.009,
MRC-MR-0376,1.5mm,35.2 x 54.75 Inch,35.2,54.75,894,1391,3.053,
MRC-MR-0377,1.5mm,35.2 x 55.75 Inch,35.2,55.75,894,1416,3.097,
MRC-MR-0378,1.5mm,35.2 x 56.75 Inch,35.2,56.75,894,1441,3.141,
MRC-MR-0379,1.5mm,35.2 x 57.75 Inch,35.2,57.75,894,1467,3.185,
MRC-MR-0380,1.5mm,35.2 x 58.75 Inch,35.2,58.75,894,1492,3.579,
MRC-MR-0381,1.5mm,35.2 x 59.75 Inch,35.2,59.75,894,1518,3.623,
MRC-MR-0382,1.5mm,35.2 x 60.75 Inch,35.2,60.75,894,1543,3.667,
MRC-MR-0383,1.5mm,35.2 x 68.8 Inch,35.2,68.8,894,1748,3.669,
MRC-MR-0385,1.5mm,36.2 x 45.7 Inch,36.2,45.7,919,1161,2.713,
MRC-MR-0386,1.5mm,36.2 x 46.7 Inch,36.2,46.7,919,1186,2.758,
MRC-MR-0387,1.5mm,36.2 x 47.7 Inch,36.2,47.7,919,1212,2.804,
MRC-MR-0388,1.5mm,36.2x 48.7 Inch,36.2,48.7,919,1237,2.849,
MRC-MR-0389,1.5mm,36.2 x 49.7 Inch,36.2,49.7,919,1262,2.894,
MRC-MR-0390,1.5mm,36.2 x 50.7 Inch,36.2,50.7,919,1288,2.94,
MRC-MR-0391,1.5mm,36.2 x 51.75 Inch,36.2,51.75,919,1314,2.985,
MRC-MR-0392,1.5mm,36.2 x 52.75 Inch,36.2,52.75,919,1340,3.03,
MRC-MR-0393,1.5mm,36.2 x 53.75 Inch,36.2,53.75,919,1365,3.075,
MRC-MR-0394,1.5mm,36.2 x 54.75 Inch,36.2,54.75,919,1391,3.121,
MRC-MR-0395,1.5mm,36.2 x 55.75 Inch,36.2,55.75,919,1416,3.166,
MRC-MR-0396,1.5mm,36.2 x 56.75 Inch,36.2,56.75,919,1441,3.561,
MRC-MR-0397,1.5mm,36.2 x 57.75 Inch,36.2,57.75,919,1467,3.607,
MRC-MR-0398,1.5mm,36.2 x 58.75 Inch,36.2,58.75,919,1492,3.652,
MRC-MR-0399,1.5mm,36.2 x 59.75 Inch,36.2,59.75,919,1518,3.697,
MRC-MR-0400,1.5mm,36.2 x 60.75 Inch,36.2,60.75,919,1543,3.742,
MRC-MR-0401,1.5mm,36.2 x 66.8 Inch,36.2,66.8,919,1697,3.664,
MRC-MR-0402,1.5mm,36.2 x 85 Inch,36.2,85.0,919,2159,4.829,
MRC-MR-0403,1.5mm,37.2 x 45.7 Inch,37.2,45.7,945,1161,2.77,
MRC-MR-0404,1.5mm,37.2 x 46.7 Inch,37.2,46.7,945,1186,2.816,
MRC-MR-0405,1.5mm,37.2 x 47.7 Inch,37.2,47.7,945,1212,2.863,
MRC-MR-0406,1.5mm,37.2 x 48.7 Inch,37.2,48.7,945,1237,2.909,
MRC-MR-0407,1.5mm,37.2 x 49.7 Inch,37.2,49.7,945,1262,2.956,
MRC-MR-0408,1.5mm,37.2 x 50.7 Inch,37.2,50.7,945,1288,3.002,
MRC-MR-0409,1.5mm,37.2 x 51.75 Inch,37.2,51.75,945,1314,3.049,
MRC-MR-0410,1.5mm,37.2 x 52.75 Inch,37.2,52.75,945,1340,3.096,
MRC-MR-0411,1.5mm,37.2 x 53.75 Inch,37.2,53.75,945,1365,3.142,
MRC-MR-0412,1.5mm,37.2 x 54.75 Inch,37.2,54.75,945,1391,3.189,
MRC-MR-0413,1.5mm,37.2 x 55.75 Inch,37.2,55.75,945,1416,3.585,
MRC-MR-0414,1.5mm,37.2 x 56.75 Inch,37.2,56.75,945,1441,3.632,
MRC-MR-0415,1.5mm,37.2 x 57.75 Inch,37.2,57.75,945,1467,3.678,
MRC-MR-0416,1.5mm,37.2 x 58.75 Inch,37.2,58.75,945,1492,3.725,
MRC-MR-0417,1.5mm,37.2 x 59.75 Inch,37.2,59.75,945,1518,3.771,
MRC-MR-0418,1.5mm,37.2 x 60.75 Inch,37.2,60.75,945,1543,3.818,
MRC-MR-0419,1.5mm,38.2 x 45.7 Inch,38.2,45.7,970,1161,2.826,
MRC-MR-0420,1.5mm,38.2 x 46.7 Inch,38.2,46.7,970,1186,2.874,
MRC-MR-0422,1.5mm,38.2 x 48.7 Inch,38.2,48.7,970,1237,2.97,
MRC-MR-0421,1.5mm,38.2 x 47.7 Inch,38.2,47.7,970,1212,2.922,
MRC-MR-0423,1.5mm,38.2 x 49.7 Inch,38.2,49.7,970,1262,3.018,
MRC-MR-0424,1.5mm,38.2 x 50.7 Inch,38.2,50.7,970,1288,3.065,
MRC-MR-0425,1.5mm,38.2 x 51.75 Inch,38.2,51.75,970,1314,3.113,
MRC-MR-0426,1.5mm,38.2 x 52.75 Inch,38.2,52.75,970,1340,3.161,
MRC-MR-0427,1.5mm,38.2 x 5375 Inch,38.2,5375.0,970,136525,3.559,
MRC-MR-0428,1.5mm,38.2 x 54.75 Inch,38.2,54.75,970,1391,3.607,
MRC-MR-0429,1.5mm,38.2 x 55.75 Inch,38.2,55.75,970,1416,3.654,
MRC-MR-0430,1.5mm,38.2 x 56.75 Inch,38.2,56.75,970,1441,3.702,
MRC-MR-0431,1.5mm,38.2 x 57.75 Inch,38.2,57.75,970,1467,3.75,
MRC-MR-0432,1.5mm,38.2 x 58.75 Inch,38.2,58.75,970,1492,3.798,
MRC-MR-0433,1.5mm,38.2 x 59.75 Inch,38.2,59.75,970,1518,3.846,
MRC-MR-0434,1.5mm,38.2 x 60.75 Inch,38.2,60.75,970,1543,3.543,
MRC-MR-0435,1.5mm,38.2 x 63.8 Inch,38.2,63.8,970,1621,3.687,
MRC-MR-0436,1.5mm,39.2 x 45.7 Inch,39.2,45.7,996,1161,2.883,
MRC-MR-0437,1.5mm,39.2 x 46.7 Inch,39.2,46.7,996,1186,2.932,
MRC-MR-0438,1.5mm,39.2 x 47.7 Inch,39.2,47.7,996,1212,2.981,
MRC-MR-0439,1.5mm,39.2 x 48.7 Inch,39.2,48.7,996,1237,3.03,
MRC-MR-0440,1.5mm,39.2 x 49.7 Inch,39.2,49.7,996,1262,3.079,
MRC-MR-0441,1.5mm,39.2 x 50.7 Inch,39.2,50.7,996,1288,3.128,
MRC-MR-0442,1.5mm,39.2x 51.75 Inch,39.2,51.75,996,1314,3.177,
MRC-MR-0443,1.5mm,39.2 x 52.75 Inch,39.2,52.75,996,1340,3.576,
MRC-MR-0444,1.5mm,39.2 x 53.75 Inch,39.2,53.75,996,1365,3.625,
MRC-MR-0445,1.5mm,39.2 x 54.75 Inch,39.2,54.75,996,1391,3.674,
MRC-MR-0446,1.5mm,39.2 x 55.75 Inch,39.2,55.75,996,1416,3.724,
MRC-MR-0447,1.5mm,39.2x 56.75 Inch,39.2,56.75,996,1441,3.773,
MRC-MR-0448,1.5mm,39.2 x 57.75 Inch,39.2,57.75,996,1467,3.822,
MRC-MR-0449,1.5mm,39.2 x 58.75 Inch,39.2,58.75,996,1492,3.521,
MRC-MR-0450,1.5mm,39.2 x 59.75 Inch,39.2,59.75,996,1518,3.57,
MRC-MR-0451,1.5mm,39.2 x 60.75 Inch,39.2,60.75,996,1543,3.619,
MRC-MR-0452,1.5mm,40.5 x 40.5 Inch,40.5,40.5,1029,1029,2.688,
MRC-MR-0453,1.5mm,40.2 x 45.7 Inch,40.2,45.7,1021,1161,2.94,
MRC-MR-0454,1.5mm,40.2 x 46.7 Inch,40.2,46.7,1021,1186,2.99,
MRC-MR-0455,1.5mm,40.2 x 47.7 Inch,40.2,47.7,1021,1212,3.04,
MRC-MR-0456,1.5mm,40.2 x 48.7 Inch,40.2,48.7,1021,1237,3.09,
MRC-MR-0457,1.5mm,40.2 x 49.7 Inch,40.2,49.7,1021,1262,3.141,
MRC-MR-0458,1.5mm,40.2 x 50.7 Inch,40.2,50.7,1021,1288,3.191,
MRC-MR-0459,1.5mm,40.2 x 51.75 Inch,40.2,51.75,1021,1314,3.591,
MRC-MR-0460,1.5mm,40.2 x 52.75 Inch,40.2,52.75,1021,1340,3.642,
MRC-MR-0461,1.5mm,40.7 x 53.75 Inch,40.7,53.75,1034,1365,3.692,
MRC-MR-0462,1.5mm,40.2 x 54.75 Inch,40.2,54.75,1021,1391,3.742,
MRC-MR-0463,1.5mm,40.2 x 55.75 Inch,40.2,55.75,1021,1416,3.793,
MRC-MR-0464,1.5mm,40.2 x 56.75 Inch,40.2,56.75,1021,1441,3.843,
MRC-MR-0465,1.5mm,40.2 x 57.75 Inch,40.2,57.75,1021,1467,3.543,
MRC-MR-0466,1.5mm,40.2 x 58.75 Inch,40.2,58.75,1021,1492,3.594,
MRC-MR-0467,1.5mm,40.2 x 59.75 Inch,40.2,59.75,1021,1518,3.644,
MRC-MR-0468,1.5mm,40.2 x 60.75 Inch,40.2,60.75,1021,1543,3.694,
MRC-MR-0469,1.5mm,40.2 x 65.8 Inch,40.2,65.8,1021,1671,3.946,
MRC-MR-0470,1.5mm,41.2 x 45.7 Inch,41.2,45.7,1046,1161,2.996,
MRC-MR-0471,1.5mm,41.2 x 46.7 Inch,41.2,46.7,1046,1186,3.048,
MRC-MR-0472,1.5mm,41.2 x 47.7 Inch,41.2,47.7,1046,1212,3.099,
MRC-MR-0473,1.5mm,41.2 x 48.7 Inch,41.2,48.7,1046,1237,3.151,
MRC-MR-0474,1.5mm,41.2 x 49.7 Inch,41.2,49.7,1046,1262,3.552,
MRC-MR-0475,1.5mm,41.2 x 50.7 Inch,41.2,50.7,1046,1288,3.604,
MRC-MR-0476,1.5mm,41.2x 51.75 Inch,41.2,51.75,1046,1314,3.656,
MRC-MR-0477,1.5mm,41.2 x 52.75 Inch,41.2,52.75,1046,1340,3.707,
MRC-MR-0478,1.5mm,41.2 x 53.75 Inch,41.2,53.75,1046,1365,3.759,
MRC-MR-0479,1.5mm,41.2 x 54.75 Inch,41.2,54.75,1046,1391,3.81,
MRC-MR-0480,1.5mm,41.2 x 55.75 Inch,41.2,55.75,1046,1416,3.512,
MRC-MR-0481,1.5mm,41.2 x 56.75 Inch,41.2,56.75,1046,1441,3.564,
MRC-MR-0482,1.5mm,41.2 x 57.75 Inch,41.2,57.75,1046,1467,3.615,
MRC-MR-0483,1.5mm,41.2 x 58.75 Inch,41.2,58.75,1046,1492,3.667,
MRC-MR-0484,1.5mm,41.2 x 59.75 Inch,41.2,59.75,1046,1518,3.718,
MRC-MR-0485,1.5mm,41.2 x 60.75 Inch,41.2,60.75,1046,1543,3.77,
MRC-MR-0486,1.5mm,41.2 x 65.8 Inch,41.2,65.8,1046,1671,4.028,
MRC-MR-0487,1.5mm,42.2 x 45.7 Inch,42.2,45.7,1072,1161,3.053,
MRC-MR-0488,1.5mm,42.2 x 46.7 Inch,42.2,46.7,1072,1186,3.106,
MRC-MR-0489,1.5mm,42.2 x 47.7 Inch,42.2,47.7,1072,1212,3.158,
MRC-MR-0490,1.5mm,42.2 x 48.7 Inch,42.2,48.7,1072,1237,3.561,
MRC-MR-0491,1.5mm,42.2 x 49.7 Inch,42.2,49.7,1072,1262,3.614,
MRC-MR-0492,1.5mm,42.2 x 50.7 Inch,42.2,50.7,1072,1288,3.667,
MRC-MR-0493,1.5mm,42.2 x 51.75 Inch,42.2,51.75,1072,1314,3.72,
MRC-MR-0494,1.5mm,42.2 x 52.75 Inch,42.2,52.75,1072,1340,3.773,
MRC-MR-0495,1.5mm,42.2 x 53.75 Inch,42.2,53.75,1072,1365,3.825,
MRC-MR-0496,1.5mm,42.2 x 54.75 Inch,42.2,54.75,1072,1391,3.528,
MRC-MR-0497,1.5mm,42.2 x 55.75 Inch,42.2,55.75,1072,1416,3.581,
MRC-MR-0498,1.5mm,42.2 x 56.75 Inch,42.2,56.75,1072,1441,3.634,
MRC-MR-0499,1.5mm,42.2 x 57.75 Inch,42.2,57.75,1072,1467,3.687,
MRC-MR-0500,1.5mm,42.2 x 58.75 Inch,42.2,58.75,1072,1492,3.74,
MRC-MR-0501,1.5mm,42.2 x 59.75 Inch,42.2,59.75,1072,1518,3.792,
MRC-MR-0502,1.5mm,42.2 x 60.75 Inch,42.2,60.75,1072,1543,3.845,
MRC-MR-0503,1.5mm,42.2 x 72.8 Inch,42.2,72.8,1072,1849,4.829,
MRC-MR-0504,1.5mm,45.5 x 45.5 Inch,45.5,45.5,1156,1156,3.573,
MRC-MR-0505,1.5mm,45.2 x 65.8 Inch,45.2,65.8,1148,1671,4.705,
MRC-MR-0506,1.5mm,46.2 x 57.75 Inch,46.2,57.75,1173,1467,3.974,
MRC-MR-0507,1.5mm,46.2 x 64.8 Inch,46.2,64.8,1173,1646,4.729,
MRC-MR-0508,1.5mm,46.2 x 68.8 Inch,46.2,68.8,1173,1748,4.61,
MRC-MR-0509,1.5mm,47 Inch Round Dia,47.0,47.0,1194,1194,,yes
MRC-MR-0511,1.5mm,48.2 x 85 Inch,48.2,85.0,1224,2159,5.748,
MRC-MR-0512,1.5mm,48.2 x 97.2 Inch,48.2,97.2,1224,2469,6.822,
MRC-MR-0513,1.5mm,50.2 x 58.75 Inch,50.2,58.75,1275,1492,4.673,
MRC-MR-0514,1.5mm,58.2 x 107.5 Inch,58.2,107.5,1478,2730,8.76,
MRC-MR-0515,1.5mm,41.5 x 78.8 Inch,41.5,78.8,1054,2002,4.721,
MRC-MR-0516,2mm,12.2 x 24.5 Inch,12.2,24.5,310,622,1.158,
MRC-MR-0517,2mm,17.2 x 29.5 Inch,17.2,29.5,437,749,1.502,
MRC-MR-0518,2mm,17.2 x 32.5 Inch,17.2,32.5,437,826,1.588,
MRC-MR-0519,2mm,18.5 x 18.5 Inch,18.5,18.5,470,470,1.568,
MRC-MR-0520,2mm,18.2 x 35.5 Inch,18.2,35.5,462,902,1.732,
MRC-MR-0521,2mm,18.2 x 36.5 Inch,18.2,36.5,462,927,1.762,
MRC-MR-0522,2mm,18.2 x 37.5 Inch,18.2,37.5,462,952,1.792,
MRC-MR-0523,2mm,18.2 x 42.7 Inch,18.2,42.7,462,1085,1.943,
MRC-MR-0524,2mm,19.2 x 66.8 Inch,19.2,66.8,488,1697,2.778,
MRC-MR-0525,2mm,21.2 x 34.5 Inch,21.2,34.5,538,876,1.873,
MRC-MR-0526,2mm,23 Inch Round Dia,23.0,23.0,584,584,,yes
MRC-MR-0527,2mm,23.4 x 35.5 Inch,23.4,35.5,594,902,2.055,
MRC-MR-0528,2mm,24 Inch Round Dia,24.0,24.0,610,610,,yes
MRC-MR-0529,2mm,24.2 x 36.5 Inch,24.2,36.5,615,927,2.724,
MRC-MR-0530,2mm,24.2 x 48.7 Inch,24.2,48.7,615,1237,2.607,
MRC-MR-0531,2mm,27.5 x 52.2 Inch,27.5,52.2,698,1326,3.051,
MRC-MR-0532,2mm,27.5 x 47.9 Inch,27.5,47.9,698,1217,2.86,
MRC-MR-0533,2mm,28.5 x 28.5 Inch,28.5,28.5,724,724,1.99,
MRC-MR-0534,2mm,28.2 x 44.7 Inch,28.2,44.7,716,1135,2.742,
MRC-MR-0535,2mm,28.2 x 60.75 Inch,28.2,60.75,716,1543,3.843,
MRC-MR-0536,2mm,30.5 x 30.5 Inch,30.5,30.5,775,775,2.185,
MRC-MR-0537,2mm,30.2 x 36.5 Inch,30.2,36.5,767,927,2.837,
MRC-MR-0538,2mm,30.2 x 45.7 Inch,30.2,45.7,767,1161,2.94,
MRC-MR-0539,2mm,30.2 x 46.7 Inch,30.2,46.7,767,1186,2.99,
MRC-MR-0540,2mm,30.2 x 47.7 Inch,30.2,47.7,767,1212,3.04,
MRC-MR-0541,2mm,30.2 x 48.7 Inch,30.2,48.7,767,1237,,
MRC-MR-0542,2mm,30.2 x 49.7 Inch,30.2,49.7,767,1262,3.141,
MRC-MR-0543,2mm,30.2 x 50.7 Inch,30.2,50.7,767,1288,3.191,
MRC-MR-0544,2mm,30.2 x 51.75 Inch,30.2,51.75,767,1314,3.591,
MRC-MR-0545,2mm,30.2 x 52.75 Inch,30.2,52.75,767,1340,3.642,
MRC-MR-0546,2mm,30.2 x 53.75 Inch,30.2,53.75,767,1365,3.692,
MRC-MR-0547,2mm,30.2 x 54.75 Inch,30.2,54.75,767,1391,3.742,
MRC-MR-0548,2mm,30.2 x 55.75 Inch,30.2,55.75,767,1416,3.793,
MRC-MR-0549,2mm,30.2 x 56.75 Inch,30.2,56.75,767,1441,3.843,
MRC-MR-0550,2mm,30.2 x 57.75 Inch,30.2,57.75,767,1467,3.543,
MRC-MR-0551,2mm,30.2 x 58.75 Inch,30.2,58.75,767,1492,3.594,
MRC-MR-0552,2mm,30.2 x 59.75 Inch,30.2,59.75,767,1518,3.644,
MRC-MR-0553,2mm,30.2 x 60.75 Inch,30.2,60.75,767,1543,3.694,
MRC-MR-0554,2mm,31 Inch Round Dia,31.0,31.0,787,787,,yes
MRC-MR-0555,2mm,31.2 x 45.7 Inch,31.2,45.7,792,1161,3.015,
MRC-MR-0556,2mm,31.2 x 46.7 Inch,31.2,46.7,792,1186,3.067,
MRC-MR-0557,2mm,31.2 x 47.7 Inch,31.2,47.7,792,1212,3.119,
MRC-MR-0558,2mm,31.2 x 48.7 Inch,31.2,48.7,792,1237,3.171,
MRC-MR-0559,2mm,31.2 x 49.7 Inch,31.2,49.7,792,1262,3.573,
MRC-MR-0560,2mm,31.2 x 50.7 Inch,31.2,50.7,792,1288,3.625,
MRC-MR-0561,2mm,31.2 x 51.75 Inch,31.2,51.75,792,1314,3.677,
MRC-MR-0562,2mm,31.2 x 52.75 Inch,31.2,52.75,792,1340,3.729,
MRC-MR-0563,2mm,31.2 x 53.75 Inch,31.2,53.75,792,1365,3.781,
MRC-MR-0564,2mm,31.2 x 54.75 Inch,31.2,54.75,792,1391,3.833,
MRC-MR-0565,2mm,31.2 x 55.75 Inch,31.2,55.75,792,1416,3.535,
MRC-MR-0566,2mm,31.2 x 56.75 Inch,31.2,56.75,792,1441,3.587,
MRC-MR-0567,2mm,31.2 x 57.75 Inch,31.2,57.75,792,1467,3.639,
MRC-MR-0568,2mm,31.2 x 58.75 Inch,31.2,58.75,792,1492,3.691,
MRC-MR-0569,2mm,31.2 x 59.75 Inch,31.2,59.75,792,1518,3.743,
MRC-MR-0570,2mm,31.2 x 60.75 Inch,31.2,60.75,792,1543,3.795,
MRC-MR-0571,2mm,31.2 x 55.75 Inch,31.2,55.75,792,1416,3.581,
MRC-MR-0572,2mm,32.2 x 45.7 Inch,32.2,45.7,818,1161,3.09,
MRC-MR-0573,2mm,32.2 x 46.7 Inch,32.2,46.7,818,1186,3.144,
MRC-MR-0574,2mm,32.2 x 47.7 Inch,32.2,47.7,818,1212,3.198,
MRC-MR-0575,2mm,32.2 x 48.7 Inch,32.2,48.7,818,1237,3.602,
MRC-MR-0576,2mm,32.2 x 49.7 Inch,32.2,49.7,818,1262,3.655,
MRC-MR-0577,2mm,32.2 x 50.7 Inch,32.2,50.7,818,1288,3.709,
MRC-MR-0578,2mm,32.2 x 51.75 Inch,32.2,51.75,818,1314,3.763,
MRC-MR-0579,2mm,32.2 x 52.75 Inch,32.2,52.75,818,1340,3.816,
MRC-MR-0580,2mm,32.2 x 53.75 Inch,32.2,53.75,818,1365,3.52,
MRC-MR-0581,2mm,32.2 x 54.75 Inch,32.2,54.75,818,1391,3.574,
MRC-MR-0582,2mm,32.2 x 55.75 Inch,32.2,55.75,818,1416,3.627,
MRC-MR-0583,2mm,32.2 x 56.75 Inch,32.2,56.75,818,1441,3.681,
MRC-MR-0584,2mm,32.2 x 57.75 Inch,32.2,57.75,818,1467,3.735,
MRC-MR-0585,2mm,32.2 x 58.75 Inch,32.2,58.75,818,1492,3.788,
MRC-MR-0586,2mm,32.2 x 59.75 Inch,32.2,59.75,818,1518,3.842,
MRC-MR-0587,2mm,32.7 x 60.75 Inch,32.7,60.75,831,1543,3.896,
MRC-MR-0588,2mm,33.2 x 45.7 Inch,33.2,45.7,843,1161,3.166,
MRC-MR-0589,2mm,33.2 x 46.7 Inch,33.2,46.7,843,1186,3.571,
MRC-MR-0590,2mm,33.2 x 47.7 Inch,33.2,47.7,843,1212,3.627,
MRC-MR-0591,2mm,33.2 x 48.7 Inch,33.2,48.7,843,1237,3.682,
MRC-MR-0592,2mm,33.2 x 49.7 Inch,33.2,49.7,843,1262,3.737,
MRC-MR-0593,2mm,33.2 x 50.7 Inch,33.2,50.7,843,1288,3.793,
MRC-MR-0594,2mm,33.2 x 51.75 Inch,33.2,51.75,843,1314,3.848,
MRC-MR-0595,2mm,33.2 x 52.75 Inch,33.2,52.75,843,1340,3.553,
MRC-MR-0596,2mm,33.2 x 53.75 Inch,33.2,53.75,843,1365,3.609,
MRC-MR-0597,2mm,33.2 x 54.75 Inch,33.2,54.75,843,1391,3.664,
MRC-MR-0598,2mm,33.2 x 55.75 Inch,33.2,55.75,843,1416,3.72,
MRC-MR-0599,2mm,33.2 x 56.75 Inch,33.2,56.75,843,1441,3.775,
MRC-MR-0600,2mm,33.2 x 57.75 Inch,33.2,57.75,843,1467,3.83,
MRC-MR-0601,2mm,33.2 x 58.75 Inch,33.2,58.75,843,1492,3.886,
MRC-MR-0602,2mm,33.2 x 59.75 Inch,33.2,59.75,843,1518,3.941,
MRC-MR-0603,2mm,33.2 x 60.75 Inch,33.2,60.75,843,1543,3.996,
MRC-MR-0605,2mm,34 Inch Round Dia,34.0,34.0,864,864,,yes
MRC-MR-0606,2mm,34.2  x 45.7 Inch,34.2,45.7,869,1161,3.591,
MRC-MR-0607,2mm,34.2 x 46.7 Inch,34.2,46.7,869,1186,3.648,
MRC-MR-0608,2mm,34.2 x 47.7 Inch,34.2,47.7,869,1212,3.706,
MRC-MR-0609,2mm,34.2 x 48.7 Inch,34.2,48.7,869,1237,3.763,
MRC-MR-0610,2mm,34.2 x 49.7 Inch,34.2,49.7,869,1262,3.82,
MRC-MR-0611,2mm,34.2 x 50.7 Inch,34.2,50.7,869,1288,3.527,
MRC-MR-0612,2mm,34.2 x 51.75 Inch,34.2,51.75,869,1314,3.584,
MRC-MR-0613,2mm,34.2 x 52.75 Inch,34.2,52.75,869,1340,3.641,
MRC-MR-0614,2mm,34.2 x 53.75 Inch,34.2,53.75,869,1365,3.698,
MRC-MR-0615,2mm,34.2 x 54.75 Inch,34.2,54.75,869,1391,3.755,
MRC-MR-0616,2mm,34.2 x 55.75 Inch,34.2,55.75,869,1416,3.812,
MRC-MR-0617,2mm,34.2 x 56.75 Inch,34.2,56.75,869,1441,3.869,
MRC-MR-0618,2mm,34.2 x 57.75 Inch,34.2,57.75,869,1467,3.926,
MRC-MR-0619,2mm,34.2 x 58.75 Inch,34.2,58.75,869,1492,3.983,
MRC-MR-0620,2mm,34.2 x 59.75 Inch,34.2,59.75,869,1518,4.04,
MRC-MR-0621,2mm,34.2 x 60.75 Inch,34.2,60.75,869,1543,4.097,
MRC-MR-0622,2mm,35 Inch Round Dia,35.0,35.0,889,889,,yes
MRC-MR-0623,2mm,35.5 x 35.5 Inch,35.5,35.5,902,902,2.73,
MRC-MR-0624,2mm,35.2 x 45.7 Inch,35.2,45.7,894,1161,3.667,
MRC-MR-0625,2mm,35.2 x 46.7 Inch,35.2,46.7,894,1186,3.726,
MRC-MR-0626,2mm,35.2 x 47.7 Inch,35.2,47.7,894,1212,3.784,
MRC-MR-0627,2mm,35.2 x 48.7 Inch,35.2,48.7,894,1237,3.843,
MRC-MR-0628,2mm,35.2 x 49.7 Inch,35.2,49.7,894,1262,3.552,
MRC-MR-0629,2mm,35.2 x 50.7 Inch,35.2,50.7,894,1288,3.61,
MRC-MR-0630,2mm,35.2 x 51.75 Inch,35.2,51.75,894,1314,3.669,
MRC-MR-0631,2mm,35.2 x 52.75 Inch,35.2,52.75,894,1340,3.728,
MRC-MR-0632,2mm,35.2 x 53.75 Inch,35.2,53.75,894,1365,3.787,
MRC-MR-0633,2mm,35.2 x 54.75 Inch,35.2,54.75,894,1391,3.845,
MRC-MR-0634,2mm,35.2 x 55.75 Inch,35.2,55.75,894,1416,3.904,
MRC-MR-0635,2mm,35.2 x 56.75 Inch,35.2,56.75,894,1441,3.963,
MRC-MR-0636,2mm,35.2 x 57.75 Inch,35.2,57.75,894,1467,4.021,
MRC-MR-0637,2mm,35.2 x 58.75 Inch,35.2,58.75,894,1492,4.08,
MRC-MR-0638,2mm,35.2 x 59.75 Inch,35.2,59.75,894,1518,4.139,
MRC-MR-0639,2mm,35.2 x 60.75 Inch,35.2,60.75,894,1543,4.198,
MRC-MR-0640,2mm,35.2 x 68.8 Inch,35.2,68.8,894,1748,4.667,
MRC-MR-0642,2mm,36.2 x 45.7 Inch,36.2,45.7,919,1161,3.742,
MRC-MR-0643,2mm,36.2 x 46.7 Inch,36.2,46.7,919,1186,3.803,
MRC-MR-0644,2mm,36.2 x 47.7 Inch,36.2,47.7,919,1212,3.513,
MRC-MR-0645,2mm,36.2 x 48.7 Inch,36.2,48.7,919,1237,3.574,
MRC-MR-0646,2mm,36.2 x 49.7 Inch,36.2,49.7,919,1262,3.634,
MRC-MR-0647,2mm,36.2 x 50.7 Inch,36.2,50.7,919,1288,3.694,
MRC-MR-0648,2mm,36.2 x 51.75 Inch,36.2,51.75,919,1314,3.755,
MRC-MR-0649,2mm,36.2 x 52.75 Inch,36.2,52.75,919,1340,3.815,
MRC-MR-0650,2mm,36.2 x 53.75 Inch,36.2,53.75,919,1365,3.876,
MRC-MR-0651,2mm,36.2 x 54.75 Inch,36.2,54.75,919,1391,3.936,
MRC-MR-0652,2mm,36.2 x 55.75 Inch,36.2,55.75,919,1416,3.996,
MRC-MR-0653,2mm,36.2 x 56.75 Inch,36.2,56.75,919,1441,4.057,
MRC-MR-0654,2mm,36.2 x 57.75 Inch,36.2,57.75,919,1467,4.117,
MRC-MR-0655,2mm,36.2 x 58.75 Inch,36.2,58.75,919,1492,4.177,
MRC-MR-0656,2mm,36.2 x 59.75 Inch,36.2,59.75,919,1518,4.588,
MRC-MR-0657,2mm,36.2 x 60.75 Inch,36.2,60.75,919,1543,4.648,
MRC-MR-0658,2mm,36.2 x 66.8 Inch,36.2,66.8,919,1697,4.661,
MRC-MR-0659,2mm,36.2 x 85.2 Inch,36.2,85.2,919,2164,5.748,
MRC-MR-0660,2mm,37.2 x 45.7 Inch,37.2,45.7,945,1161,3.818,
MRC-MR-0661,2mm,37.2 x 46.7 Inch,37.2,46.7,945,1186,3.53,
MRC-MR-0662,2mm,37.2 x 47.7 Inch,37.2,47.7,945,1212,3.592,
MRC-MR-0663,2mm,37.2 x 48.7 Inch,37.2,48.7,945,1237,3.654,
MRC-MR-0664,2mm,37.2 x 49.7 Inch,37.2,49.7,945,1262,3.716,
MRC-MR-0665,2mm,37.2 x 50.7 Inch,37.2,50.7,945,1288,3.778,
MRC-MR-0666,2mm,37.2 x 51.75 Inch,37.2,51.75,945,1314,3.84,
MRC-MR-0667,2mm,37.2 x 52.75 Inch,37.2,52.75,945,1340,3.902,
MRC-MR-0668,2mm,37.2 x 53.75 Inch,37.2,53.75,945,1365,3.964,
MRC-MR-0669,2mm,37.2 x 54.75 Inch,37.2,54.75,945,1391,4.026,
MRC-MR-0670,2mm,37.2 x 55.75 Inch,37.2,55.75,945,1416,4.089,
MRC-MR-0671,2mm,37.2 x 56.75 Inch,37.2,56.75,945,1441,4.151,
MRC-MR-0672,2mm,37.2 x 57.75 Inch,37.2,57.75,945,1467,4.563,
MRC-MR-0673,2mm,37.2 x 58.75 Inch,37.2,58.75,945,1492,4.625,
MRC-MR-0674,2mm,37.2 x 59.75 Inch,37.2,59.75,945,1518,4.687,
MRC-MR-0675,2mm,37.2 x 60.75 Inch,37.2,60.75,945,1543,4.749,
MRC-MR-0676,2mm,38.2 x 45.7 Inch,38.2,45.7,970,1161,3.543,
MRC-MR-0677,2mm,38.2 x 46.7 Inch,38.2,46.7,970,1186,3.607,
MRC-MR-0678,2mm,38.2 x 47.7 Inch,38.2,47.7,970,1212,3.671,
MRC-MR-0679,2mm,38.2 x 48.7 Inch,38.2,48.7,970,1237,3.735,
MRC-MR-0680,2mm,38.2 x 49.7 Inch,38.2,49.7,970,1262,3.798,
MRC-MR-0681,2mm,38.2 x 50.7 Inch,38.2,50.7,970,1288,3.862,
MRC-MR-0682,2mm,38.2 x 51.75 Inch,38.2,51.75,970,1314,3.926,
MRC-MR-0683,2mm,38.2 x 52.75 Inch,38.2,52.75,970,1340,3.99,
MRC-MR-0684,2mm,38.2 x 53.75 Inch,38.2,53.75,970,1365,4.053,
MRC-MR-0685,2mm,38.2 x 54.75 Inch,38.2,54.75,970,1391,4.117,
MRC-MR-0686,2mm,38.2x 55.75 Inch,38.2,55.75,970,1416,4.181,
MRC-MR-0687,2mm,38.2 x 56.75 Inch,38.2,56.75,970,1441,4.595,
MRC-MR-0688,2mm,38.2 x 57.75 Inch,38.2,57.75,970,1467,4.658,
MRC-MR-0689,2mm,38.2 x 58.75 Inch,38.2,58.75,970,1492,4.722,
MRC-MR-0690,2mm,38.2 x 59.75 Inch,38.2,59.75,970,1518,4.786,
MRC-MR-0691,2mm,38.2 x 60.75 Inch,38.2,60.75,970,1543,4.85,
MRC-MR-0692,2mm,38.2 x 63.8 Inch,38.2,63.8,970,1621,4.691,
MRC-MR-0693,2mm,39.2 x 45.7 Inch,39.2,45.7,996,1161,3.619,
MRC-MR-0694,2mm,39.2 x 46.7 Inch,39.2,46.7,996,1186,3.684,
MRC-MR-0695,2mm,39.2 x 47.7 Inch,39.2,47.7,996,1212,3.75,
MRC-MR-0696,2mm,39.2 x 48.7 Inch,39.2,48.7,996,1237,3.815,
MRC-MR-0697,2mm,39.2x 49.7 Inch,39.2,49.7,996,1262,3.881,
MRC-MR-0698,2mm,39.2 x 50.7 Inch,39.2,50.7,996,1288,3.946,
MRC-MR-0699,2mm,39.2 x 51.75 Inch,39.2,51.75,996,1314,4.011,
MRC-MR-0700,2mm,39.2 x 52.75 Inch,39.2,52.75,996,1340,4.077,
MRC-MR-0701,2mm,39.2 x 53.75 Inch,39.2,53.75,996,1365,4.142,
MRC-MR-0702,2mm,39.2 x 54.75 Inch,39.2,54.75,996,1391,4.558,
MRC-MR-0703,2mm,39.2 x 55.75 Inch,39.2,55.75,996,1416,4.623,
MRC-MR-0704,2mm,39.2 x 56.75 Inch,39.2,56.75,996,1441,4.688,
MRC-MR-0705,2mm,39.2 x 57.75 Inch,39.2,57.75,996,1467,4.754,
MRC-MR-0706,2mm,39.2 x 58.75 Inch,39.2,58.75,996,1492,4.819,
MRC-MR-0707,2mm,39.2 x 59.75 Inch,39.2,59.75,996,1518,4.535,
MRC-MR-0708,2mm,39.2 x 60.75 Inch,39.2,60.75,996,1543,4.6,
MRC-MR-0709,2mm,40.5 x 40.5 Inch,40.5,40.5,1029,1029,3.709,
MRC-MR-0710,2mm,40.2 x 45.7 Inch,40.2,45.7,1021,1161,3.694,
MRC-MR-0711,2mm,40.2 x 46.7 Inch,40.2,46.7,1021,1186,3.761,
MRC-MR-0712,2mm,40.2 x 47.7 Inch,40.2,47.7,1021,1212,3.829,
MRC-MR-0713,2mm,40.2 x 48.7 Inch,40.2,48.7,1021,1237,3.896,
MRC-MR-0714,2mm,40.2 x 49.7 Inch,40.2,49.7,1021,1262,3.963,
MRC-MR-0715,2mm,40.2 x 50.7 Inch,40.2,50.7,1021,1288,4.03,
MRC-MR-0716,2mm,40.2 x 51.75 Inch,40.2,51.75,1021,1314,4.097,
MRC-MR-0717,2mm,40.2 x 52.75 Inch,40.2,52.75,1021,1340,4.164,
MRC-MR-0718,2mm,40.2 x 53.75 Inch,40.2,53.75,1021,1365,4.581,
MRC-MR-0719,2mm,40.2 x 54.75 Inch,40.2,54.75,1021,1391,4.648,
MRC-MR-0720,2mm,40.2 x 55.75 Inch,40.2,55.75,1021,1416,4.715,
MRC-MR-0722,2mm,40.2 x 57.75 Inch,40.2,57.75,1021,1467,4.85,
MRC-MR-0723,2mm,40.2 x 58.75 Inch,40.2,58.75,1021,1492,4.567,
MRC-MR-0724,2mm,40.2 x 59.75 Inch,40.2,59.75,1021,1518,4.634,
MRC-MR-0725,2mm,40.2 x 60.75 Inch,40.2,60.75,1021,1543,4.701,
MRC-MR-0726,2mm,40.2 x 65.8 Inch,40.2,65.8,1021,1671,5.036,
MRC-MR-0727,2mm,41.2 x 45.7 Inch,41.2,45.7,1046,1161,3.77,
MRC-MR-0728,2mm,41.2 x 46.7 Inch,41.2,46.7,1046,1186,3.839,
MRC-MR-0729,2mm,41.2 x 47.7 Inch,41.2,47.7,1046,1212,3.907,
MRC-MR-0730,2mm,41.2 x 48.7 Inch,41.2,48.7,1046,1237,3.976,
MRC-MR-0731,2mm,41.2x 49.7 Inch,41.2,49.7,1046,1262,4.045,
MRC-MR-0732,2mm,41.2 x 50.7 Inch,41.2,50.7,1046,1288,4.114,
MRC-MR-0733,2mm,41.2 x 51.75 Inch,41.2,51.75,1046,1314,4.182,
MRC-MR-0734,2mm,41.2 x 52.75 Inch,41.2,52.75,1046,1340,4.601,
MRC-MR-0735,2mm,41.2 x 53.75 Inch,41.2,53.75,1046,1365,4.67,
MRC-MR-0736,2mm,41.2 x 54.75 Inch,41.2,54.75,1046,1391,4.739,
MRC-MR-0737,2mm,41.2 x 55.75 Inch,41.2,55.75,1046,1416,4.808,
MRC-MR-0738,2mm,41.2 x 56.75 Inch,41.2,56.75,1046,1441,4.526,
MRC-MR-0739,2mm,41.2 x 57.75 Inch,41.2,57.75,1046,1467,4.595,
MRC-MR-0740,2mm,41.2 x 58.75 Inch,41.2,58.75,1046,1492,4.664,
MRC-MR-0741,2mm,41.2 x 59.75 Inch,41.2,59.75,1046,1518,4.733,
MRC-MR-0742,2mm,41.2 x 60.75 Inch,41.2,60.75,1046,1543,4.801,
MRC-MR-0743,2mm,41.2 x 65.8 Inch,41.2,65.8,1046,1671,5.145,
MRC-MR-0744,2mm,42 Inch Round Dia,42.0,42.0,1067,1067,,yes
MRC-MR-0745,2mm,42.2 x 45.7 Inch,42.2,45.7,1072,1161,3.845,
MRC-MR-0746,2mm,42.2 x 46.7 Inch,42.2,46.7,1072,1186,3.916,
MRC-MR-0747,2mm,42.2 x 47.7 Inch,42.2,47.7,1072,1212,3.986,
MRC-MR-0748,2mm,42.2 x 48.7 Inch,42.2,48.7,1072,1237,4.057,
MRC-MR-0749,2mm,42.2 x 49.7 Inch,42.2,49.7,1072,1262,4.127,
MRC-MR-0750,2mm,42.2 x 50.7 Inch,42.2,50.7,1072,1288,4.198,
MRC-MR-0751,2mm,42.2 x 51.75 Inch,42.2,51.75,1072,1314,4.618,
MRC-MR-0752,2mm,42.2 x 52.75 Inch,42.2,52.75,1072,1340,4.688,
MRC-MR-0753,2mm,42.2 x 53.75 Inch,42.2,53.75,1072,1365,4.759,
MRC-MR-0754,2mm,42.2 x 54.75 Inch,42.2,54.75,1072,1391,4.829,
MRC-MR-0755,2mm,42.2 x 55.75 Inch,42.2,55.75,1072,1416,4.55,
MRC-MR-0756,2mm,42.2 x 56.75 Inch,42.2,56.75,1072,1441,4.62,
MRC-MR-0757,2mm,42.2 x 57.75 Inch,42.2,57.75,1072,1467,4.691,
MRC-MR-0758,2mm,42.2 x 58.75 Inch,42.2,58.75,1072,1492,4.761,
MRC-MR-0759,2mm,42.2 x 59.75 Inch,42.2,59.75,1072,1518,4.832,
MRC-MR-0760,2mm,42.2 x 60.75 Inch,42.2,60.75,1072,1543,4.902,
MRC-MR-0761,2mm,42.2 x 72.8 Inch,42.2,72.8,1072,1849,5.748,
MRC-MR-0762,2mm,45.5 x 45.5 Inch,45.5,45.5,1156,1156,4.072,
MRC-MR-0763,2mm,45.2 x 65.8 Inch,45.2,65.8,1148,1671,5.581,
MRC-MR-0764,2mm,46.2 x 57.75 Inch,46.2,57.75,1173,1467,5.073,
MRC-MR-0765,2mm,46.2 x 64.8 Inch,46.2,64.8,1173,1646,5.613,
MRC-MR-0766,2mm,46.2 x 68.8 Inch,46.2,68.8,1173,1748,5.922,
MRC-MR-0767,2mm,47 Inch Round Dia,47.0,47.0,1194,1194,,yes
MRC-MR-0768,2mm,48 Inch Round Dia,48.0,48.0,1219,1219,,yes
MRC-MR-0769,2mm,48.2 x 85 Inch,48.2,85.0,1224,2159,7.788,
MRC-MR-0770,2mm,48.2 x 97 Inch,48.2,97.0,1224,2464,8.755,
MRC-MR-0771,2mm,50.2 x 58.75 Inch,50.2,58.75,1275,1492,5.54,
MRC-MR-0772,2mm,58.5 x 106.5 Inch,58.5,106.5,1486,2705,10.988,
MRC-MR-0773,2mm,41.5 x 78.8 Inch,41.5,78.8,1054,2002,6.07,
MRC-MR-0774,3mm,12.2 x 24.5 Inch,12.2,24.5,310,622,1.75,
MRC-MR-0775,3mm,17.2 x 29.5 Inch,17.2,29.5,437,749,1.915,
MRC-MR-0776,3mm,17.2 x 32.5 Inch,17.2,32.5,437,826,2.044,
MRC-MR-0777,3mm,18.5 x 18.5 Inch,18.5,18.5,470,470,1.84,
MRC-MR-0778,3mm,18.2 x 35.5 Inch,18.2,35.5,462,902,2.61,
MRC-MR-0779,3mm,18.2 x 36.5 Inch,18.2,36.5,462,927,2.655,
MRC-MR-0780,3mm,18.2 x 37.5 Inch,18.2,37.5,462,952,2.701,
MRC-MR-0781,3mm,18.2 x 42.5 Inch,18.2,42.5,462,1080,2.577,
MRC-MR-0782,3mm,19.2 x 66.7 Inch,19.2,66.7,488,1694,3.83,
MRC-MR-0783,3mm,21.2 x 34.5 Inch,21.2,34.5,538,876,2.822,
MRC-MR-0784,3mm,23 Inch Round Dia,23.0,23.0,584,584,,yes
MRC-MR-0785,3mm,23.4 x 35.5 Inch,23.4,35.5,594,902,2.745,
MRC-MR-0786,3mm,24 Inch Round Dia,24.0,24.0,610,610,,yes
MRC-MR-0787,3mm,24.2 x 36.5 Inch,24.2,36.5,615,927,2.849,
MRC-MR-0788,3mm,24.2 x 48.7 Inch,24.2,48.7,615,1237,3.574,
MRC-MR-0789,3mm,27.4 x 51.7 Inch,27.4,51.7,696,1313,4.588,
MRC-MR-0790,3mm,27.5 x 47.7 Inch,27.5,47.7,698,1212,3.953,
MRC-MR-0791,3mm,28.5 x 28.5 Inch,28.5,28.5,724,724,2.648,
MRC-MR-0792,3mm,28.2 x 44.7 Inch,28.2,44.7,716,1135,3.775,
MRC-MR-0793,3mm,28.2 x 60.7 Inch,28.2,60.7,716,1542,4.902,
MRC-MR-0794,3mm,30.5 x 30.5 Inch,30.5,30.5,775,775,2.94,
MRC-MR-0795,3mm,30.2 x 36.5 Inch,30.2,36.5,767,927,3.742,
MRC-MR-0796,3mm,30.2 x 45.7 Inch,30.2,45.7,767,1161,4.072,
MRC-MR-0797,3mm,30.2 x 46.7 Inch,30.2,46.7,767,1186,4.147,
MRC-MR-0798,3mm,30.2 x 47.7 Inch,30.2,47.7,767,1212,4.573,
MRC-MR-0799,3mm,30.2 x 48.7 Inch,30.2,48.7,767,1237,4.648,
MRC-MR-0800,3mm,30.2 x 49.7 Inch,30.2,49.7,767,1262,4.724,
MRC-MR-0801,3mm,30.2 x 50.7Inch,30.2,50.7,767,1288,4.799,
MRC-MR-0802,3mm,30.2 x 51.7 Inch,30.2,51.7,767,1313,4.525,
MRC-MR-0803,3mm,30.2 x 52.7 Inch,30.2,52.7,767,1339,4.6,
MRC-MR-0804,3mm,30.2 x 53.7 Inch,30.2,53.7,767,1364,4.676,
MRC-MR-0805,3mm,30.2 x 54.7 Inch,30.2,54.7,767,1389,4.751,
MRC-MR-0806,3mm,30.2 x 55.7 Inch,30.2,55.7,767,1415,4.827,
MRC-MR-0807,3mm,30.2 x 56.7 Inch,30.2,56.7,767,1440,,
MRC-MR-0808,3mm,30.5 x 57.7 Inch,30.5,57.7,775,1466,4.978,
MRC-MR-0809,3mm,30.2 x 58.7 Inch,30.2,58.7,767,1491,5.053,
MRC-MR-0810,3mm,30.2 x 59.7 Inch,30.2,59.7,767,1516,5.129,
MRC-MR-0811,3mm,30.2 x 60.7 Inch,30.2,60.7,767,1542,5.554,
MRC-MR-0812,3mm,31 Inch Round Dia,31.0,31.0,787,787,,yes
MRC-MR-0813,3mm,31.2 x 45.7 Inch,31.2,45.7,792,1161,,
MRC-MR-0814,3mm,31.2 x 46.7 Inch,31.2,46.7,792,1186,4.613,
MRC-MR-0815,3mm,31.2 x 47.7 Inch,31.2,47.7,792,1212,4.691,
MRC-MR-0816,3mm,31.2 x 48.7 Inch,31.2,48.7,792,1237,4.769,
MRC-MR-0817,3mm,31.2 x 49.7 Inch,31.2,49.7,792,1262,4.847,
MRC-MR-0818,3mm,31.2 x 50.7 Inch,31.2,50.7,792,1288,4.575,
MRC-MR-0819,3mm,31.2 x 51.7 Inch,31.2,51.7,792,1313,4.653,
MRC-MR-0820,3mm,31.2 x 52.7 Inch,31.2,52.7,792,1339,4.731,
MRC-MR-0821,3mm,31.2 x 53.7 Inch,31.2,53.7,792,1364,,
MRC-MR-0822,3mm,31.2 x 54.7 Inch,31.2,54.7,792,1389,4.887,
MRC-MR-0823,3mm,31.2 x 55.7 Inch,31.2,55.7,792,1415,4.965,
MRC-MR-0824,3mm,31.2 x 56.7 Inch,31.2,56.7,792,1440,5.043,
MRC-MR-0825,3mm,31.2 x 57.7 Inch,31.2,57.7,792,1466,5.121,
MRC-MR-0826,3mm,31.2 x 58.7 Inch,31.2,58.7,792,1491,5.199,
MRC-MR-0827,3mm,31.2 x 59.7 Inch,31.2,59.7,792,1516,5.627,
MRC-MR-0828,3mm,31.2 x 60.7 Inch,31.2,60.7,792,1542,5.705,
MRC-MR-0829,3mm,31.5 x 55.7 Inch,31.5,55.7,800,1415,5.034,
MRC-MR-0830,3mm,32.2x 45.7 Inch,32.2,45.7,818,1161,4.648,
MRC-MR-0831,3mm,32.2 x 46.7 Inch,32.2,46.7,818,1186,4.729,
MRC-MR-0832,3mm,32.2 x 47.7 Inch,32.2,47.7,818,1212,4.809,
MRC-MR-0833,3mm,32.2 x 48.7 Inch,32.2,48.7,818,1237,4.54,
MRC-MR-0834,3mm,32.2 x 49.7 Inch,32.2,49.7,818,1262,4.62,
MRC-MR-0835,3mm,32.7 x 50.7 Inch,32.7,50.7,831,1288,4.701,
MRC-MR-0836,3mm,32.2 x 51.7 Inch,32.2,51.7,818,1313,4.781,
MRC-MR-0837,3mm,32.2 x 52.7 Inch,32.2,52.7,818,1339,4.862,
MRC-MR-0838,3mm,32.2 x 53.7 Inch,32.2,53.7,818,1364,4.942,
MRC-MR-0839,3mm,32.2 x 54.7 Inch,32.2,54.7,818,1389,5.023,
MRC-MR-0840,3mm,32.2 x 55.7 Inch,32.2,55.7,818,1415,,
MRC-MR-0841,3mm,32.2 x 56.7 Inch,32.2,56.7,818,1440,5.184,
MRC-MR-0842,3mm,32.2 x 57.7 Inch,32.2,57.7,818,1466,5.614,
MRC-MR-0843,3mm,32.2 x 58.7 Inch,32.2,58.7,818,1491,5.695,
MRC-MR-0844,3mm,32.2 x 59.7 Inch,32.2,59.7,818,1516,,
MRC-MR-0845,3mm,32.2 x 60.7 Inch,32.2,60.7,818,1542,5.506,
MRC-MR-0846,3mm,33.2 x 45.7 Inch,33.2,45.7,843,1161,,
MRC-MR-0847,3mm,33.2 x 46.7 Inch,33.2,46.7,843,1186,4.844,
MRC-MR-0848,3mm,33.2 x 47.7 Inch,33.2,47.7,843,1212,4.578,
MRC-MR-0849,3mm,33.2 x 48.7 Inch,33.2,48.7,843,1237,4.661,
MRC-MR-0850,3mm,33.2 x 49.7 Inch,33.2,49.7,843,1262,4.744,
MRC-MR-0851,3mm,33.2 x 50.7 Inch,33.2,50.7,843,1288,4.827,
MRC-MR-0852,3mm,33.2 x 51.7 Inch,33.2,51.7,843,1313,4.91,
MRC-MR-0853,3mm,33.2 x 52.7 Inch,33.2,52.7,843,1339,4.993,
MRC-MR-0854,3mm,33.2 x 53.7 Inch,33.2,53.7,843,1364,5.076,
MRC-MR-0855,3mm,33.2 x 54.7 Inch,33.2,54.7,843,1389,5.159,
MRC-MR-0856,3mm,33.2 x 55.7 Inch,33.2,55.7,843,1415,5.592,
MRC-MR-0857,3mm,33.2 x 56.7 Inch,33.2,56.7,843,1440,5.675,
MRC-MR-0858,3mm,33.2 x 57.7 Inch,33.2,57.7,843,1466,5.758,
MRC-MR-0859,3mm,33.2 x 58.7 Inch,33.2,58.7,843,1491,5.841,
MRC-MR-0860,3mm,33.2 x 59.7 Inch,33.2,59.7,843,1516,5.574,
MRC-MR-0861,3mm,33.2 x 60.7 Inch,33.2,60.7,843,1542,5.657,
MRC-MR-0863,3mm,34 Inch Round Dia,34.0,34.0,864,864,,yes
MRC-MR-0864,3mm,34.2 x 45.7 Inch,34.2,45.7,869,1161,4.525,
MRC-MR-0865,3mm,34.2 x 46.7 Inch,34.2,46.7,869,1186,4.61,
MRC-MR-0866,3mm,34.2x 47.7 Inch,34.2,47.7,869,1212,4.696,
MRC-MR-0867,3mm,34.2 x 48.7 Inch,34.2,48.7,869,1237,4.781,
MRC-MR-0868,3mm,34.2 x 49.7 Inch,34.2,49.7,869,1262,4.867,
MRC-MR-0869,3mm,34.2 x 50.7 Inch,34.2,50.7,869,1288,4.952,
MRC-MR-0870,3mm,34.2 x 51.7 Inch,34.2,51.7,869,1313,5.038,
MRC-MR-0871,3mm,34.2 x 52.7 Inch,34.2,52.7,869,1339,5.124,
MRC-MR-0872,3mm,34.2 x 53.7 Inch,34.2,53.7,869,1364,5.559,
MRC-MR-0873,3mm,34.2 x 54.7 Inch,34.2,54.7,869,1389,5.645,
MRC-MR-0874,3mm,34.2 x 55.7 Inch,34.2,55.7,869,1415,5.73,
MRC-MR-0875,3mm,34.2 x 56.7 Inch,34.2,56.7,869,1440,5.816,
MRC-MR-0876,3mm,34.2 x 57.7 Inch,34.2,57.7,869,1466,5.551,
MRC-MR-0877,3mm,34.2 x 58.7 Inch,34.2,58.7,869,1491,5.637,
MRC-MR-0878,3mm,34.2 x 59.7 Inch,34.2,59.7,869,1516,5.722,
MRC-MR-0879,3mm,34.2 x 60.7 Inch,34.2,60.7,869,1542,5.808,
MRC-MR-0880,3mm,35 Inch Round Dia,35.0,35.0,889,889,,yes
MRC-MR-0881,3mm,35.5 x 35.5 Inch,35.5,35.5,902,902,3.757,
MRC-MR-0882,3mm,35.2 x 45.7 Inch,35.2,45.7,894,1161,4.638,
MRC-MR-0883,3mm,35.2 x 46.7 Inch,35.2,46.7,894,1186,4.726,
MRC-MR-0884,3mm,35.2 x 47.7 Inch,35.2,47.7,894,1212,4.814,
MRC-MR-0885,3mm,35.2 x 48.7 Inch,35.2,48.7,894,1237,4.902,
MRC-MR-0886,3mm,35.2 x 49.7 Inch,35.2,49.7,894,1262,4.99,
MRC-MR-0887,3mm,35.2 x 50.7 Inch,35.2,50.7,894,1288,5.078,
MRC-MR-0888,3mm,35.2 x 51.7 Inch,35.2,51.7,894,1313,5.166,
MRC-MR-0889,3mm,35.2 x 52.7 Inch,35.2,52.7,894,1339,5.604,
MRC-MR-0890,3mm,35.2 x 53.7 Inch,35.2,53.7,894,1364,5.692,
MRC-MR-0891,3mm,35.2 x 54.7 Inch,35.2,54.7,894,1389,5.78,
MRC-MR-0892,3mm,35.2 x 55.7 Inch,35.2,55.7,894,1415,5.519,
MRC-MR-0893,3mm,35.2 x 56.7 Inch,35.2,56.7,894,1440,5.607,
MRC-MR-0894,3mm,35.2 x 57.7 Inch,35.2,57.7,894,1466,5.695,
MRC-MR-0895,3mm,35.2 x 58.7 Inch,35.2,58.7,894,1491,5.783,
MRC-MR-0897,3mm,35.2 x 60.7 Inch,35.2,60.7,894,1542,5.959,
MRC-MR-0898,3mm,35.2 x 68.8 Inch,35.2,68.8,894,1748,6.663,
MRC-MR-0899,3mm,35.4 x 59.7 Inch,35.4,59.7,899,1516,5.93,
MRC-MR-0900,3mm,36.2 x 45.7 Inch,36.2,45.7,919,1161,4.751,
MRC-MR-0901,3mm,36.2 x 46.7 Inch,36.2,46.7,919,1186,4.842,
MRC-MR-0902,3mm,36.2 x 47.7 Inch,36.2,47.7,919,1212,4.932,
MRC-MR-0903,3mm,36.2 x 48.7 Inch,36.2,48.7,919,1237,5.023,
MRC-MR-0904,3mm,36.2 x 49.7 Inch,36.2,49.7,919,1262,5.113,
MRC-MR-0905,3mm,36.2 x 50.7 Inch,36.2,50.7,919,1288,5.554,
MRC-MR-0906,3mm,36.2 x 51.7 Inch,36.2,51.7,919,1313,5.645,
MRC-MR-0907,3mm,36.2 x 52.7 Inch,36.2,52.7,919,1339,5.735,
MRC-MR-0908,3mm,36.2 x 53.7 Inch,36.2,53.7,919,1364,5.826,
MRC-MR-0909,3mm,36.2 x 54.7 Inch,36.2,54.7,919,1389,5.566,
MRC-MR-0910,3mm,36.2 x 55.7 Inch,36.2,55.7,919,1415,5.657,
MRC-MR-0911,3mm,36.2 x 56.7 Inch,36.2,56.7,919,1440,5.748,
MRC-MR-0912,3mm,36.2 x 57.7 Inch,36.2,57.7,919,1466,5.838,
MRC-MR-0913,3mm,36.2 x 58.7 Inch,36.2,58.7,919,1491,5.929,
MRC-MR-0914,3mm,36.2 x 59.7 Inch,36.2,59.7,919,1516,6.019,
MRC-MR-0915,3mm,36.2 x 60.7 Inch,36.2,60.7,919,1542,6.11,
MRC-MR-0916,3mm,36.2 x 66.8 Inch,36.2,66.8,919,1697,6.653,
MRC-MR-0917,3mm,36.2 x 84.8 Inch,36.2,84.8,919,2154,8.634,
MRC-MR-0918,3mm,37.2 x 45.7 Inch,37.2,45.7,945,1161,4.864,
MRC-MR-0919,3mm,37.2 x 46.7 Inch,37.2,46.7,945,1186,4.957,
MRC-MR-0920,3mm,37.2 x 47.7 Inch,37.2,47.7,945,1212,5.051,
MRC-MR-0921,3mm,37.2 x 48.7 Inch,37.2,48.7,945,1237,5.144,
MRC-MR-0922,3mm,37.2 x 49.7 Inch,37.2,49.7,945,1262,5.587,
MRC-MR-0923,3mm,37.2 x 50.7 Inch,37.2,50.7,945,1288,5.68,
MRC-MR-0924,3mm,37.2 x 51.7 Inch,37.2,51.7,945,1313,5.773,
MRC-MR-0925,3mm,37.2 x 52.7 Inch,37.2,52.7,945,1339,5.516,
MRC-MR-0926,3mm,37.2 x 53.7 Inch,37.2,53.7,945,1364,5.609,
MRC-MR-0927,3mm,37.2 x 54.7 Inch,37.2,54.7,945,1389,5.702,
MRC-MR-0928,3mm,37.2 x 55.7 Inch,37.2,55.7,945,1415,5.795,
MRC-MR-0929,3mm,37.2 x 56.7 Inch,37.2,56.7,945,1440,5.888,
MRC-MR-0930,3mm,37.2 x 57.7 Inch,37.2,57.7,945,1466,5.982,
MRC-MR-0931,3mm,37.2 x 58.7 Inch,37.2,58.7,945,1491,6.075,
MRC-MR-0932,3mm,37.2 x 59.7 Inch,37.2,59.7,945,1516,6.168,
MRC-MR-0933,3mm,37.2 x 60.7 Inch,37.2,60.7,945,1542,6.611,
MRC-MR-0934,3mm,38.2x 45.7 Inch,38.2,45.7,970,1161,4.978,
MRC-MR-0935,3mm,38.2 x 46.7 Inch,38.2,46.7,970,1186,5.073,
MRC-MR-0936,3mm,38.2 x 47.7 Inch,38.2,47.7,970,1212,5.169,
MRC-MR-0937,3mm,38.2 x 48.7 Inch,38.2,48.7,970,1237,5.614,
MRC-MR-0938,3mm,38.2 x 49.7 Inch,38.2,49.7,970,1262,5.71,
MRC-MR-0939,3mm,38.2 x 50.7 Inch,38.2,50.7,970,1288,5.806,
MRC-MR-0940,3mm,38.2 x 51.7 Inch,38.2,51.7,970,1313,5.551,
MRC-MR-0941,3mm,38.2 x 52.7 Inch,38.2,52.7,970,1339,5.647,
MRC-MR-0942,3mm,38.2 x 53.7 Inch,38.2,53.7,970,1364,5.742,
MRC-MR-0943,3mm,38.2 x 54.7 Inch,38.2,54.7,970,1389,5.838,
MRC-MR-0944,3mm,38.2 x 55.7 Inch,38.2,55.7,970,1415,5.934,
MRC-MR-0945,3mm,38.2 x 56.7 Inch,38.2,56.7,970,1440,6.029,
MRC-MR-0946,3mm,38.2 x 57.7 Inch,38.2,57.7,970,1466,6.125,
MRC-MR-0947,3mm,38.2 x 58.7 Inch,38.2,58.7,970,1491,6.571,
MRC-MR-0948,3mm,38.2 x 59.7 Inch,38.2,59.7,970,1516,6.666,
MRC-MR-0949,3mm,38.2 x 60.7 Inch,38.2,60.7,970,1542,6.762,
MRC-MR-0950,3mm,38.2 x 63.8 Inch,38.2,63.8,970,1621,6.699,
MRC-MR-0951,3mm,39.2 x 45.7 Inch,39.2,45.7,996,1161,5.091,
MRC-MR-0952,3mm,39.2 x 46.7 Inch,39.2,46.7,996,1186,5.189,
MRC-MR-0953,3mm,39.2 x 47.7 Inch,39.2,47.7,996,1212,5.637,
MRC-MR-0954,3mm,39.2 x 48.7 Inch,39.2,48.7,996,1237,5.735,
MRC-MR-0955,3mm,39.2 x 49.7 Inch,39.2,49.7,996,1262,5.833,
MRC-MR-0956,3mm,39.2 x 50.7 Inch,39.2,50.7,996,1288,5.581,
MRC-MR-0957,3mm,39.2 x 51.7 Inch,39.2,51.7,996,1313,5.68,
MRC-MR-0958,3mm,39.2 x 52.7 Inch,39.2,52.7,996,1339,5.778,
MRC-MR-0959,3mm,39.2 x 53.7 Inch,39.2,53.7,996,1364,5.876,
MRC-MR-0960,3mm,39.2 x 54.7 Inch,39.2,54.7,996,1389,5.974,
MRC-MR-0961,3mm,39.2 x 55.7 Inch,39.2,55.7,996,1415,6.072,
MRC-MR-0962,3mm,39.2 x 56.7 Inch,39.2,56.7,996,1440,6.17,
MRC-MR-0963,3mm,39.2 x 57.7 Inch,39.2,57.7,996,1466,6.618,
MRC-MR-0964,3mm,39.2 x 58.7 Inch,39.2,58.7,996,1491,6.716,
MRC-MR-0965,3mm,39.2 x 59.7 Inch,39.2,59.7,996,1516,6.815,
MRC-MR-0966,3mm,39.2 x 60.7 Inch,39.2,60.7,996,1542,6.563,
MRC-MR-0967,3mm,40.5 x 40.5 Inch,40.5,40.5,1029,1029,4.701,
MRC-MR-0968,3mm,40.2 x 45.7 Inch,40.2,45.7,1021,1161,5.554,
MRC-MR-0969,3mm,40.2 x 46.7 Inch,40.2,46.7,1021,1186,5.655,
MRC-MR-0970,3mm,40.2 x 47.7 Inch,40.2,47.7,1021,1212,5.755,
MRC-MR-0971,3mm,40.2 x 48.7 Inch,40.2,48.7,1021,1237,5.506,
MRC-MR-0972,3mm,40.2 x 49.7 Inch,40.2,49.7,1021,1262,5.607,
MRC-MR-0973,3mm,40.2 x 50.7 Inch,40.2,50.7,1021,1288,5.707,
MRC-MR-0974,3mm,40.2 x 51.7 Inch,40.2,51.7,1021,1313,5.808,
MRC-MR-0975,3mm,40.2 x 52.7 Inch,40.2,52.7,1021,1339,5.909,
MRC-MR-0976,3mm,40.2 x 53.7 Inch,40.2,53.7,1021,1364,6.009,
MRC-MR-0977,3mm,40.2 x 54.7 Inch,40.2,54.7,1021,1389,6.11,
MRC-MR-0978,3mm,40.2 x 55.7 Inch,40.2,55.7,1021,1415,6.56,
MRC-MR-0979,3mm,40.2 x 56.7 Inch,40.2,56.7,1021,1440,6.661,
MRC-MR-0980,3mm,40.2 x 57.7 Inch,40.2,57.7,1021,1466,6.762,
MRC-MR-0981,3mm,40.2 x 58.7 Inch,40.2,58.7,1021,1491,6.512,
MRC-MR-0982,3mm,40.2 x 59.7 Inch,40.2,59.7,1021,1516,6.613,
MRC-MR-0983,3mm,40.2 x 60.7 Inch,40.2,60.7,1021,1542,6.714,
MRC-MR-0984,3mm,40.2x 65.8 Inch,40.2,65.8,1021,1671,7.567,
MRC-MR-0985,3mm,41.2 x 45.7 Inch,41.2,45.7,1046,1161,5.667,
MRC-MR-0986,3mm,41.2 x 46.7 Inch,41.2,46.7,1046,1186,5.77,
MRC-MR-0987,3mm,41.2 x 47.7 Inch,41.2,47.7,1046,1212,5.524,
MRC-MR-0988,3mm,41.2 x 48.7 Inch,41.2,48.7,1046,1237,5.627,
MRC-MR-0989,3mm,41.2 x 49.7 Inch,41.2,49.7,1046,1262,5.73,
MRC-MR-0990,3mm,41.2 x 50.7 Inch,41.2,50.7,1046,1288,5.833,
MRC-MR-0991,3mm,41.2 x 51.7 Inch,41.2,51.7,1046,1313,5.936,
MRC-MR-0992,3mm,41.2 x 52.7 Inch,41.2,52.7,1046,1339,6.039,
MRC-MR-0993,3mm,41.2 x 53.7 Inch,41.2,53.7,1046,1364,6.143,
MRC-MR-0994,3mm,41.2 x 54.7 Inch,41.2,54.7,1046,1389,6.596,
MRC-MR-0995,3mm,41.2 x 55.7 Inch,41.2,55.7,1046,1415,6.699,
MRC-MR-0996,3mm,41.2 x 56.7 Inch,41.2,56.7,1046,1440,6.802,
MRC-MR-0997,3mm,41.2 x 57.7 Inch,41.2,57.7,1046,1466,6.555,
MRC-MR-0998,3mm,41.2 x 58.7 Inch,41.2,58.7,1046,1491,6.658,
MRC-MR-0999,3mm,41.2 x 59.7 Inch,41.2,59.7,1046,1516,6.762,
MRC-MR-1000,3mm,41.2 x 60.7 Inch,41.2,60.7,1046,1542,6.865,
MRC-MR-1001,3mm,41.2 x 65.8 Inch,41.2,65.8,1046,1671,7.73,
MRC-MR-1002,3mm,42 Inch Round Dia,42.0,42.0,1067,1067,,yes
MRC-MR-1003,3mm,42.2 x 45.7 Inch,42.2,45.7,1072,1161,5.78,
MRC-MR-1004,3mm,42.2 x 46.7 Inch,42.2,46.7,1072,1186,5.536,
MRC-MR-1005,3mm,42.2 x 47.7 Inch,42.2,47.7,1072,1212,5.642,
MRC-MR-1006,3mm,42.7 x 48.7 Inch,42.7,48.7,1085,1237,5.748,
MRC-MR-1007,3mm,42.2 x 49.7 Inch,42.2,49.7,1072,1262,5.853,
MRC-MR-1008,3mm,42.2 x 50.7 Inch,42.2,50.7,1072,1288,5.959,
MRC-MR-1009,3mm,42.2 x 51.7 Inch,42.2,51.7,1072,1313,6.065,
MRC-MR-1010,3mm,42.2 x 52.7 Inch,42.2,52.7,1072,1339,6.17,
MRC-MR-1011,3mm,42.2 x 53.7 Inch,42.2,53.7,1072,1364,6.626,
MRC-MR-1012,3mm,42.2 x 54.7 Inch,42.2,54.7,1072,1389,6.732,
MRC-MR-1013,3mm,42.2 x 55.7 Inch,42.2,55.7,1072,1415,6.837,
MRC-MR-1014,3mm,42.2 x 56.7 Inch,42.2,56.7,1072,1440,6.593,
MRC-MR-1015,3mm,42.2 x 57.7 Inch,42.2,57.7,1072,1466,6.699,
MRC-MR-1016,3mm,42.2 x 58.7 Inch,42.2,58.7,1072,1491,6.804,
MRC-MR-1017,3mm,42.2 x 59.7 Inch,42.2,59.7,1072,1516,6.91,
MRC-MR-1018,3mm,42.2 x 60.7 Inch,42.2,60.7,1072,1542,7.016,
MRC-MR-1019,3mm,42.2 x 72.8 Inch,42.2,72.8,1072,1849,8.634,
MRC-MR-1020,3mm,45.5 x 45.5 Inch,45.5,45.5,1156,1156,5.77,
MRC-MR-1021,3mm,45.2 x 65.8 Inch,45.2,65.8,1148,1671,8.035,
MRC-MR-1022,3mm,46.2 x 57.7 Inch,46.2,57.7,1173,1466,7.622,
MRC-MR-1023,3mm,46.2 x 64.8 Inch,46.2,64.8,1173,1646,8.082,
MRC-MR-1024,3mm,46.5 x 68.8 Inch,46.5,68.8,1181,1748,8.545,
MRC-MR-1025,3mm,47 Inch Round Dia,47.0,47.0,1194,1194,,yes
MRC-MR-1026,3mm,48 Inch Round Dia,48.0,48.0,1219,1219,,yes
MRC-MR-1027,3mm,48.2 x 84.8 Inch,48.2,84.8,1224,2154,10.82,
MRC-MR-1028,3mm,48.2 x 96.8 Inch,48.2,96.8,1224,2459,12.619,
MRC-MR-1029,3mm,50.2 x 58.7 Inch,50.2,58.7,1275,1491,7.972,
MRC-MR-1030,3mm,58.2 x 107 Inch,58.2,107.0,1478,2718,16.144,
MRC-MR-1031,3mm,41.4 x 78.3 Inch,41.4,78.3,1052,1989,8.767,
